Index,Organization Id,Name,Website,Country,Description,Founded,Industry,Number of employees
60,aAeb29ad43886C6,Potter-Walsh,http://thomas-french.org/,Turkey,Optional non-volatile open system,2008,Human Resources / HR,6923
61,bD1bc6bB6d1FeD3,Freeman-Chen,https://mathis.com/,Timor-Leste,Phased next generation adapter,1973,International Trade / Development,346
62,EB9f456e8b7022a,Soto Group,https://norris.info/,Vietnam,Enterprise-wide executive installation,1988,Business Supplies / Equipment,9097
63,Dfef38C51D8DAe3,"Poole, Cruz and Whitney",https://reed.info/,Reunion,Balanced analyzing groupware,1978,Marketing / Advertising / Sales,2992
64,055ffEfB2Dd95B0,Riley Ltd,http://wiley.com/,Brazil,Optional exuding superstructure,1986,Textiles,9315
65,cBfe4dbAE1699da,"Erickson, Andrews and Bailey",https://www.hobbs-grant.com/,Eritrea,Vision-oriented secondary project,2014,Consumer Electronics,7829
66,fdFbecbadcdCdf1,"Wilkinson, Charles and Arroyo",http://hunter-mcfarland.com/,United States Virgin Islands,Assimilated 24/7 archive,1996,Building Materials,602
67,5DCb8A5a5ca03c0,Floyd Ltd,http://www.whitney.com/,Falkland Islands (Malvinas),Function-based fault-tolerant concept,2017,Public Relations / PR,2911
68,ce57DCbcFD6d618,Newman-Galloway,https://www.scott.com/,Luxembourg,Enhanced foreground collaboration,1987,Information Technology / IT,3934
69,5aaD187dc929371,Frazier-Butler,https://www.daugherty-farley.info/,Northern Mariana Islands,Persistent interactive circuit,1972,Outsourcing / Offshoring,5130
70,902D7Ac8b6d476b,Newton Inc,https://www.richmond-manning.info/,Netherlands Antilles,Fundamental stable info-mediaries,1976,Military Industry,563
71,32BB9Ff4d939788,Duffy-Levy,https://www.potter.com/,Guernsey,Diverse exuding installation,1982,Wireless,6146
72,adcB0afbE58bAe3,Wagner LLC,https://decker-esparza.com/,Uruguay,Reactive attitude-oriented toolset,1987,International Affairs,6874
73,dfcA1c84AdB61Ac,Mccall-Holmes,http://www.dean.com/,Benin,Object-based value-added database,2009,Legal Services,696
74,208044AC2fe52F3,Massey LLC,https://frazier.biz/,Suriname,Configurable zero administration Graphical User Interface,1986,Accounting,5004
75,f3C365f0c1A0623,Hicks LLC,http://alvarez.biz/,Pakistan,Quality-focused client-server Graphical User Interface,1970,Computer Software / Engineering,8480
76,ec5Bdd3CBAfaB93,"Cole, Russell and Avery",http://www.blankenship.com/,Mongolia,De-engineered fault-tolerant challenge,2000,Law Enforcement,7012
77,DDB19Be7eeB56B4,Cummings-Rojas,https://simon-pearson.com/,Svalbard & Jan Mayen Islands,User-centric modular customer loyalty,2012,Financial Services,7529
78,dd6CA3d0bc3cAfc,"Beasley, Greene and Mahoney",http://www.petersen-lawrence.com/,Togo,Extended content-based methodology,1976,Religious Institutions,869
79,A0B9d56e61070e3,"Beasley, Sims and Allison",http://burke.info/,Latvia,Secured zero tolerance hub,1972,Facilities Services,6182
80,cBa7EFe5D05Adaf,Crawford-Rivera,https://black-ramirez.org/,Cuba,Persevering exuding budgetary management,1999,Online Publishing,7805
81,Ea3f6D52Ec73563,Montes-Hensley,https://krueger.org/,Liechtenstein,Multi-tiered secondary productivity,2009,Printing,8433
82,bC0CEd48A8000E0,Velazquez-Odom,https://stokes.com/,Djibouti,Streamlined 6thgeneration function,2002,Alternative Dispute Resolution,4044
83,c89b9b59BC4baa1,Eaton-Morales,https://www.reeves-graham.com/,Micronesia,Customer-focused explicit frame,1990,Capital Markets / Hedge Fund / Private Equity,7013
84,FEC51bce8421a7b,"Roberson, Pennington and Palmer",http://www.keith-fisher.com/,Cameroon,Adaptive bi-directional hierarchy,1993,Telecommunications,5571
85,e0E8e27eAc9CAd5,"George, Russo and Guerra",https://drake.com/,Sweden,Centralized non-volatile capability,1989,Military Industry,2880
86,B97a6CF9bf5983C,Davila Inc,https://mcconnell.info/,Cocos (Keeling) Islands,Profit-focused dedicated frame,2017,Consumer Electronics,2215
87,a0a6f9b3DbcBEb5,Mays-Preston,http://www.browning-key.com/,Mali,User-centric heuristic focus group,2006,Military Industry,5786
88,8cC1bDa330a5871,Pineda-Morton,https://www.carr.com/,United States Virgin Islands,Grass-roots methodical info-mediaries,1991,Printing,6168
89,ED889CB2FE9cbd3,Huang and Sons,https://www.bolton.com/,Eritrea,Re-contextualized dynamic hierarchy,1981,Semiconductors,7484
90,F4Dc1417BC6cb8f,Gilbert-Simon,https://www.bradford.biz/,Burundi,Grass-roots radical parallelism,1973,Newspapers / Journalism,1927
91,7ABc3c7ecA03B34,Sampson-Griffith,http://hendricks.org/,Benin,Multi-layered composite paradigm,1972,Textiles,3881
92,4e0719FBE38e0aB,Miles-Dominguez,http://www.turner.com/,Gibraltar,Organized empowering forecast,1996,Civic / Social Organization,897
93,dEbDAAeDfaed00A,Rowe and Sons,https://www.simpson.org/,El Salvador,Balanced multimedia knowledgebase,1978,Facilities Services,8172
94,61BDeCfeFD0cEF5,"Valenzuela, Holmes and Rowland",https://www.dorsey.net/,Taiwan,Persistent tertiary focus group,1999,Transportation,1483
95,4e91eD25f486110,"Best, Wade and Shepard",https://zimmerman.com/,Zimbabwe,Innovative background definition,1991,Gambling / Casinos,4873
96,0a0bfFbBbB8eC7c,Holmes Group,https://mcdowell.org/,Ethiopia,Right-sized zero tolerance focus group,1975,Photography,2988
97,BA6Cd9Dae2Efd62,Good Ltd,http://duffy.com/,Anguilla,Reverse-engineered composite moratorium,1971,Consumer Services,4292
98,E7df80C60Abd7f9,Clements-Espinoza,http://www.flowers.net/,Falkland Islands (Malvinas),Progressive modular hub,1991,Broadcast Media,236
99,AFc285dbE2fEd24,Mendez Inc,https://www.burke.net/,Kyrgyz Republic,User-friendly exuding migration,1993,Education Management,339
100,e9eB5A60Cef8354,Watkins-Kaiser,http://www.herring.com/,Togo,Synergistic background access,2009,Financial Services,2785

