latitude,longitude,elevation,utc_offset_seconds,timezone,timezone_abbreviation
18.875,99.75,906.0,25200,Asia/Bangkok,GMT+7

time,weather_code (wmo code),temperature_2m_max (°C),temperature_2m_min (°C),precipitation_sum (mm),wind_speed_10m_max (km/h),wind_direction_10m_dominant (°),temperature_2m_mean (°C),cloud_cover_mean (%),cloud_cover_max (%),cloud_cover_min (%),relative_humidity_2m_mean (%),relative_humidity_2m_max (%),relative_humidity_2m_min (%),surface_pressure_mean (hPa),surface_pressure_max (hPa),surface_pressure_min (hPa),visibility_mean (m),visibility_min (m),visibility_max (m),winddirection_10m_dominant (°),wind_speed_10m_mean (km/h),wind_speed_10m_min (km/h),vapour_pressure_deficit_max (kPa)
2023-01-01,3,22.0,13.2,0.00,7.5,107,17.3,43,100,0,73,92,52,916.5,919.4,915.2,24140.00,24140.00,24140.00,107,5.3,3.8,1.27
2023-01-02,3,22.8,12.7,0.00,10.2,85,17.8,41,85,0,69,91,49,917.2,920.1,915.2,24140.00,24140.00,24140.00,85,5.9,3.6,1.42
2023-01-03,3,21.5,13.3,0.00,7.7,61,17.6,56,93,30,73,87,59,917.1,919.6,915.9,24140.00,24140.00,24140.00,61,4.9,3.3,1.05
2023-01-04,3,23.4,15.7,0.00,6.9,59,19.1,52,87,0,73,86,55,916.6,919.6,915.1,24140.00,24140.00,24140.00,59,3.8,2.0,1.30
2023-01-05,2,24.3,15.2,0.00,9.3,59,19.5,36,61,0,70,88,52,916.5,919.6,914.9,24140.00,24140.00,24140.00,59,5.5,3.3,1.45
2023-01-06,3,22.5,13.8,0.00,13.2,43,18.5,70,100,23,66,89,48,917.4,920.2,915.4,24140.00,24140.00,24140.00,43,7.5,3.8,1.39
2023-01-07,3,22.0,12.4,0.00,12.1,20,16.7,23,88,0,63,82,43,915.9,919.1,913.2,24140.00,24140.00,24140.00,20,5.8,1.6,1.51
2023-01-08,1,22.6,11.6,0.00,8.0,29,16.9,5,38,0,62,79,46,914.7,917.5,912.6,24140.00,24140.00,24140.00,29,4.3,1.5,1.48
2023-01-09,3,22.5,15.0,0.00,7.7,43,18.7,80,97,56,59,68,46,915.4,918.1,914.3,24140.00,24140.00,24140.00,43,4.6,2.8,1.47
2023-01-10,3,25.7,16.8,0.00,5.5,43,20.6,64,90,11,58,70,42,914.0,917.0,912.2,24140.00,24140.00,24140.00,43,3.7,2.1,1.91
2023-01-11,3,24.9,16.3,0.00,6.5,145,19.9,46,91,0,68,80,53,912.2,915.1,910.4,24140.00,24140.00,24140.00,145,4.1,1.5,1.45
2023-01-12,3,25.4,17.3,0.10,10.0,211,20.7,55,88,31,71,89,48,911.4,914.2,910.2,24138.33,24100.00,24140.00,211,4.7,1.8,1.68
2023-01-13,2,26.0,14.8,0.00,13.4,234,20.5,5,64,0,62,92,35,911.9,915.1,910.2,24140.00,24140.00,24140.00,234,6.9,3.7,2.14
2023-01-14,0,26.6,14.5,0.00,8.7,247,20.3,0,0,0,53,66,33,910.6,913.8,908.9,24140.00,24140.00,24140.00,247,5.3,3.3,2.34
2023-01-15,1,25.9,14.4,0.00,7.6,317,20.1,2,18,0,56,71,38,910.5,913.5,908.6,24140.00,24140.00,24140.00,317,4.1,1.9,2.07
2023-01-16,2,26.1,14.6,0.00,6.6,157,20.0,26,64,0,56,67,40,911.9,915.1,909.4,24140.00,24140.00,24140.00,157,3.5,1.5,2.03
2023-01-17,3,24.8,13.9,0.00,10.2,164,19.5,34,95,0,62,72,44,913.2,916.5,910.9,24140.00,24140.00,24140.00,164,5.6,2.5,1.75
2023-01-18,3,24.5,15.5,0.00,8.4,148,19.4,40,88,0,70,89,49,914.9,918.0,913.1,24140.00,24140.00,24140.00,148,5.5,2.9,1.54
2023-01-19,3,24.4,15.5,0.00,5.6,150,19.5,72,100,25,69,86,46,914.9,917.7,913.4,24140.00,24140.00,24140.00,150,4.3,3.1,1.65
2023-01-20,3,25.2,14.0,0.00,5.0,141,19.6,34,100,0,65,85,42,914.6,917.6,913.0,24140.00,24140.00,24140.00,141,3.1,1.4,1.86
2023-01-21,3,25.9,14.6,0.00,6.6,192,19.9,23,97,0,63,78,45,913.6,917.3,911.9,24140.00,24140.00,24140.00,192,4.1,1.8,1.83
2023-01-22,2,26.9,15.0,0.00,5.7,244,20.8,7,37,0,61,80,41,912.7,916.0,911.3,24140.00,24140.00,24140.00,244,3.5,1.1,2.09
2023-01-23,1,27.5,14.9,0.00,5.2,334,21.4,6,25,0,57,76,36,912.2,915.1,910.5,24140.00,24140.00,24140.00,334,3.2,1.3,2.35
2023-01-24,3,25.8,15.6,0.00,16.9,95,21.2,42,90,0,59,78,43,914.0,917.6,911.9,24140.00,24140.00,24140.00,95,7.1,2.2,1.88
2023-01-25,2,24.0,14.0,0.00,7.3,102,19.1,18,70,0,63,85,44,913.8,917.3,912.1,24140.00,24140.00,24140.00,102,4.6,0.8,1.67
2023-01-26,2,25.5,14.8,0.00,5.8,213,20.0,16,55,0,64,82,45,912.4,915.2,911.1,24140.00,24140.00,24140.00,213,4.3,2.0,1.80
2023-01-27,2,26.3,15.8,0.00,11.2,111,20.8,22,80,0,61,79,42,913.3,917.1,911.2,24140.00,24140.00,24140.00,111,6.2,2.5,1.98
2023-01-28,3,23.3,15.0,0.00,10.1,92,19.2,47,89,0,62,80,46,914.1,917.3,912.9,24140.00,24140.00,24140.00,92,7.1,4.7,1.55
2023-01-29,3,21.5,14.2,0.00,11.6,79,17.6,58,100,0,70,85,54,915.0,917.9,912.8,24140.00,24140.00,24140.00,79,7.0,2.9,1.18
2023-01-30,2,23.2,12.2,0.00,8.9,60,17.7,30,74,0,66,91,44,915.4,918.6,913.0,24140.00,24140.00,24140.00,60,5.2,1.5,1.59
2023-01-31,0,26.0,13.8,0.00,5.0,200,19.6,1,23,0,57,71,40,912.5,915.7,910.1,24140.00,24140.00,24140.00,200,2.8,0.5,2.02
2023-02-01,3,28.1,16.2,0.00,4.8,221,21.6,23,85,0,60,74,42,911.5,914.2,910.0,24140.00,24140.00,24140.00,221,2.9,0.4,2.20
2023-02-02,2,29.2,17.7,0.00,5.8,161,22.9,28,77,0,61,77,40,912.2,915.5,910.9,24140.00,24140.00,24140.00,161,3.1,1.1,2.43
2023-02-03,2,28.7,19.3,0.00,10.0,176,23.4,35,78,0,58,72,38,912.5,915.6,910.7,24140.00,24140.00,24140.00,176,5.3,2.3,2.43
2023-02-04,80,28.8,18.8,0.30,10.4,194,23.3,44,100,0,65,84,43,911.4,914.2,909.7,24140.00,24140.00,24140.00,194,5.8,1.4,2.25
2023-02-05,80,28.7,19.2,0.70,9.9,209,23.2,52,83,33,75,94,46,911.1,914.2,909.4,24140.00,24140.00,24140.00,209,5.4,2.9,2.12
2023-02-06,2,29.7,19.0,0.00,13.5,235,23.9,49,71,9,64,95,30,911.1,914.5,908.6,24140.00,24140.00,24140.00,235,6.0,2.3,2.88
2023-02-07,2,29.5,16.7,0.00,15.8,235,23.3,7,47,0,47,73,27,911.0,914.6,908.9,24140.00,24140.00,24140.00,235,7.5,2.1,2.96
2023-02-08,2,28.5,17.5,0.00,11.4,232,22.6,6,53,0,43,59,22,911.3,915.0,909.2,24140.00,24140.00,24140.00,232,6.0,2.3,3.00
2023-02-09,3,29.2,15.7,0.00,13.3,231,22.7,13,100,0,46,64,29,911.5,915.1,908.8,24140.00,24140.00,24140.00,231,5.4,1.4,2.87
2023-02-10,3,29.3,16.9,0.00,13.7,240,23.1,15,100,0,46,65,25,911.7,915.5,909.8,24140.00,24140.00,24140.00,240,5.7,2.1,3.02
2023-02-11,1,29.5,17.4,0.00,12.1,240,23.2,2,30,0,41,54,23,911.6,915.0,909.8,24140.00,24140.00,24140.00,240,5.9,2.3,3.14
2023-02-12,0,30.2,17.4,0.00,9.0,225,23.3,1,19,0,45,70,23,911.8,915.6,909.8,24140.00,24140.00,24140.00,225,5.5,3.7,3.30
2023-02-13,0,29.7,16.4,0.00,11.9,213,23.0,0,0,0,44,66,17,911.6,915.1,909.4,24140.00,24140.00,24140.00,213,5.8,1.9,3.42
2023-02-14,3,29.6,16.6,0.00,8.6,200,23.1,23,100,0,55,84,27,911.9,915.8,909.8,24140.00,24140.00,24140.00,200,4.4,0.8,2.98
2023-02-15,80,28.8,18.4,0.60,15.1,130,22.9,49,78,0,58,81,39,912.9,916.0,910.1,24140.00,24140.00,24140.00,130,7.6,1.6,2.35
2023-02-16,95,25.0,17.6,4.60,9.4,128,20.8,70,100,36,78,97,56,915.1,917.9,913.4,22002.50,5140.00,24140.00,128,4.3,1.3,1.39
2023-02-17,95,23.3,16.6,6.50,8.4,13,18.7,83,100,34,82,92,58,915.5,918.0,913.9,23219.17,7700.00,24140.00,13,4.0,1.0,1.20
2023-02-18,45,25.0,14.7,0.00,5.5,331,19.4,56,100,0,74,96,45,914.4,917.2,912.8,24140.00,24140.00,24140.00,331,2.5,0.4,1.74
2023-02-19,2,27.4,16.1,0.00,7.1,41,21.9,16,51,0,57,79,34,913.9,917.0,912.5,24140.00,24140.00,24140.00,41,2.8,0.4,2.39
2023-02-20,3,26.4,18.4,0.00,8.0,140,21.9,57,88,0,63,80,45,913.5,916.5,912.1,24140.00,24140.00,24140.00,140,6.1,2.1,1.89
2023-02-21,3,26.4,17.9,0.00,10.4,172,21.9,61,92,0,68,85,47,914.3,917.4,912.8,24127.50,23840.00,24140.00,172,5.8,3.1,1.82
2023-02-22,3,27.3,17.3,0.00,9.2,160,22.5,66,92,39,64,89,42,914.2,917.3,912.6,24140.00,24140.00,24140.00,160,5.0,2.9,2.11
2023-02-23,3,27.8,18.7,0.00,12.8,196,22.7,54,96,0,62,78,44,913.5,916.7,911.9,24140.00,24140.00,24140.00,196,5.5,2.5,2.09
2023-02-24,3,29.2,18.6,0.00,4.7,121,24.1,59,80,19,55,74,35,913.6,916.9,911.2,24140.00,24140.00,24140.00,121,2.6,0.5,2.64
2023-02-25,3,27.4,19.2,0.00,12.1,110,22.9,66,86,43,58,75,41,916.7,920.2,913.9,24140.00,24140.00,24140.00,110,9.0,5.1,2.15
2023-02-26,3,23.6,17.6,0.00,14.5,97,20.4,82,100,57,57,70,43,919.3,922.4,917.9,24140.00,24140.00,24140.00,97,9.5,3.9,1.66
2023-02-27,2,25.4,14.5,0.00,11.1,97,19.7,26,66,0,53,76,36,918.5,921.9,916.5,24140.00,24140.00,24140.00,97,6.7,4.7,2.07
2023-02-28,3,28.3,14.7,0.00,8.5,74,21.0,10,82,0,48,62,32,917.5,920.8,915.7,24140.00,24140.00,24140.00,74,5.2,3.7,2.61
2023-03-01,3,29.9,16.5,0.00,6.7,81,23.2,25,72,0,51,70,31,916.7,919.8,915.1,24140.00,24140.00,24140.00,81,3.5,0.8,2.86
2023-03-02,3,30.3,16.5,0.00,7.2,124,23.9,37,82,0,49,75,27,916.6,920.2,914.8,24140.00,24140.00,24140.00,124,4.3,1.3,3.15
2023-03-03,2,29.5,17.4,0.00,8.4,152,23.1,35,67,0,57,80,35,917.1,920.5,915.4,24140.00,24140.00,24140.00,152,5.8,2.5,2.67
2023-03-04,2,27.8,17.5,0.00,9.7,124,22.4,39,74,0,57,75,37,917.8,921.1,916.2,24140.00,24140.00,24140.00,124,6.5,5.1,2.34
2023-03-05,2,28.5,17.0,0.00,6.0,121,22.9,43,77,0,56,79,36,917.3,920.8,915.2,24140.00,24140.00,24140.00,121,3.7,0.8,2.49
2023-03-06,3,28.0,17.6,0.00,8.4,173,22.7,38,93,0,62,85,41,915.9,919.3,913.9,24140.00,24140.00,24140.00,173,5.2,3.2,2.23
2023-03-07,2,29.7,18.8,0.00,6.9,191,23.9,31,72,0,57,77,35,915.3,918.7,913.5,24140.00,24140.00,24140.00,191,5.1,2.5,2.70
2023-03-08,3,31.1,20.2,0.00,5.9,197,25.5,45,80,0,53,72,32,915.4,918.5,914.0,24140.00,24140.00,24140.00,197,3.6,0.4,3.04
2023-03-09,3,31.3,21.0,0.20,6.6,126,25.5,63,96,2,55,70,34,914.4,917.4,913.2,24140.00,24140.00,24140.00,126,3.6,0.4,3.02
2023-03-10,80,30.4,19.9,0.50,10.7,199,24.9,78,100,37,64,84,43,913.8,916.9,911.8,24140.00,24140.00,24140.00,199,5.0,0.4,2.47
2023-03-11,3,31.5,21.4,0.00,8.0,191,25.9,83,100,14,59,76,29,913.8,916.5,911.8,24140.00,24140.00,24140.00,191,4.2,0.7,3.19
2023-03-12,95,31.1,20.0,17.60,8.8,142,24.4,100,100,100,70,87,40,914.0,916.9,911.9,23563.33,10300.00,24140.00,142,3.7,1.1,2.70
2023-03-13,95,20.4,18.7,6.50,7.2,98,19.7,99,100,90,87,95,81,914.8,917.5,913.3,22960.83,10880.00,24140.00,98,3.6,0.4,0.45
2023-03-14,3,26.0,16.1,0.20,7.1,214,21.0,43,100,0,72,93,50,913.0,916.2,910.6,23922.50,18920.00,24140.00,214,3.7,0.7,1.67
2023-03-15,3,28.4,18.6,0.00,6.3,208,23.3,41,100,0,65,82,48,912.4,915.3,910.9,24140.00,24140.00,24140.00,208,3.6,1.5,2.00
2023-03-16,96,28.6,20.1,3.40,5.0,160,23.3,46,100,0,70,89,44,913.6,916.5,911.6,24140.00,24140.00,24140.00,160,2.9,0.4,2.19
2023-03-17,80,28.9,18.9,3.00,8.3,257,23.1,54,100,0,73,90,46,913.5,916.4,911.5,24140.00,24140.00,24140.00,257,3.5,1.1,2.14
2023-03-18,80,30.0,19.3,2.50,9.2,229,23.9,37,100,0,71,89,43,912.2,915.2,910.2,24140.00,24140.00,24140.00,229,4.8,1.5,2.42
2023-03-19,80,30.5,20.5,3.10,7.9,215,24.2,74,100,6,69,80,43,911.4,914.6,909.1,24140.00,24140.00,24140.00,215,4.1,1.0,2.49
2023-03-20,3,30.2,20.5,0.60,12.6,244,25.2,69,100,0,62,83,39,911.0,914.2,909.1,24140.00,24140.00,24140.00,244,6.5,2.9,2.57
2023-03-21,3,31.2,21.0,0.30,12.1,241,25.7,46,100,0,58,78,35,910.4,913.6,908.9,24120.83,23680.00,24140.00,241,6.3,2.9,2.88
2023-03-22,2,31.8,21.2,0.00,16.2,247,26.3,22,74,0,51,70,31,909.3,912.3,907.3,24140.00,24140.00,24140.00,247,8.2,3.4,3.20
2023-03-23,3,31.8,21.6,0.00,15.8,243,26.4,18,82,0,47,64,29,909.1,912.1,907.5,24140.00,24140.00,24140.00,243,8.6,2.9,3.28
2023-03-24,2,32.0,21.3,0.00,12.8,246,26.5,18,68,0,47,63,29,910.1,913.6,908.3,24140.00,24140.00,24140.00,246,6.5,2.2,3.31
2023-03-25,3,31.7,21.2,0.00,9.4,254,26.5,25,87,0,48,69,31,910.5,914.3,908.5,24140.00,24140.00,24140.00,254,5.0,2.1,3.23
2023-03-26,3,32.3,22.3,0.00,11.7,251,27.1,44,91,0,49,68,30,910.1,913.3,908.3,24140.00,24140.00,24140.00,251,5.3,1.8,3.34
2023-03-27,2,33.1,23.0,0.00,12.8,213,27.5,46,73,0,48,69,27,910.3,913.8,908.3,24140.00,24140.00,24140.00,213,5.7,1.4,3.69
2023-03-28,2,33.5,21.9,0.00,14.5,213,27.4,22,71,0,42,63,21,911.2,914.5,909.0,24140.00,24140.00,24140.00,213,7.4,2.1,4.08
2023-03-29,3,33.8,22.4,0.00,17.3,247,27.3,31,84,0,40,56,20,911.8,915.4,909.5,24140.00,24140.00,24140.00,247,7.7,3.1,4.21
2023-03-30,3,32.7,21.9,0.00,10.6,232,27.2,50,89,0,44,62,28,910.3,913.2,908.0,24140.00,24140.00,24140.00,232,5.6,0.8,3.46
2023-03-31,3,32.4,22.9,0.00,9.7,235,27.2,50,85,9,48,66,29,910.4,913.9,908.6,24140.00,24140.00,24140.00,235,5.0,1.0,3.41
2023-04-01,3,32.9,23.3,0.30,12.0,216,27.4,59,95,32,54,71,31,910.1,913.4,908.0,24140.00,24140.00,24140.00,216,5.8,1.8,3.43
2023-04-02,2,32.8,21.9,0.00,14.3,228,26.9,30,74,0,52,75,30,909.3,913.0,906.9,24140.00,24140.00,24140.00,228,7.9,4.2,3.42
2023-04-03,2,32.4,21.2,0.00,15.0,243,26.7,25,78,0,45,62,26,909.1,912.4,907.4,24140.00,24140.00,24140.00,243,8.1,4.1,3.49
2023-04-04,2,32.9,22.0,0.00,12.9,252,27.0,23,72,0,44,63,23,909.2,912.5,907.5,24140.00,24140.00,24140.00,252,6.9,3.3,3.85
2023-04-05,2,32.9,22.2,0.00,9.4,259,27.3,25,78,0,43,62,25,909.8,913.2,907.7,24140.00,24140.00,24140.00,259,4.7,1.5,3.73
2023-04-06,3,33.8,22.6,0.00,7.0,242,28.3,31,89,0,46,65,25,911.0,914.3,908.9,24140.00,24140.00,24140.00,242,3.6,1.6,3.94
2023-04-07,3,34.4,24.6,0.00,8.4,208,29.0,70,100,33,46,61,30,912.0,915.6,909.5,24140.00,24140.00,24140.00,208,4.6,1.8,3.70
2023-04-08,95,34.2,22.9,7.30,9.2,188,28.4,84,100,61,54,89,32,913.8,917.1,911.5,24140.00,24140.00,24140.00,188,4.3,1.6,3.62
2023-04-09,96,32.1,22.7,9.70,9.8,178,26.0,94,100,60,70,87,48,913.5,916.5,911.5,24140.00,24140.00,24140.00,178,5.2,2.9,2.49
2023-04-10,3,33.9,23.4,0.00,8.9,226,28.5,73,100,13,56,77,35,912.0,915.8,909.8,24140.00,24140.00,24140.00,226,5.4,3.6,3.43
2023-04-11,3,33.7,24.5,0.00,7.0,243,28.9,35,93,0,53,72,33,911.3,914.7,909.7,24140.00,24140.00,24140.00,243,4.8,2.5,3.51
2023-04-12,80,33.7,25.2,0.60,9.5,248,28.9,59,100,27,56,70,37,910.6,913.6,908.8,24140.00,24140.00,24140.00,248,4.5,2.6,3.28
2023-04-13,3,34.7,25.3,0.00,10.0,222,29.7,63,100,4,53,71,32,910.2,913.4,908.3,24140.00,24140.00,24140.00,222,5.7,2.8,3.67
2023-04-14,3,35.3,25.2,0.00,9.8,230,29.8,36,82,0,52,73,31,910.2,913.7,908.0,24140.00,24140.00,24140.00,230,5.2,3.3,3.94
2023-04-15,3,35.4,25.8,0.30,9.8,233,30.2,58,100,12,49,63,30,910.1,913.8,907.7,24140.00,24140.00,24140.00,233,4.9,2.2,4.01
2023-04-16,96,33.5,23.3,7.50,11.0,169,27.3,71,100,22,64,81,45,909.5,912.7,907.4,24140.00,24140.00,24140.00,169,6.4,3.1,2.79
2023-04-17,2,34.9,24.0,0.00,11.2,211,29.1,22,53,0,55,82,28,910.4,913.5,908.5,24140.00,24140.00,24140.00,211,7.2,4.1,4.02
2023-04-18,3,34.9,24.5,0.10,8.3,236,29.5,29,100,0,53,70,35,910.7,914.1,908.6,24140.00,24140.00,24140.00,236,5.4,2.3,3.62
2023-04-19,80,34.4,25.6,1.80,10.4,238,29.3,55,100,15,53,67,38,908.4,911.9,905.2,24140.00,24140.00,24140.00,238,6.6,3.3,3.36
2023-04-20,95,33.7,25.5,1.30,9.8,235,28.9,42,100,3,54,69,36,906.8,909.4,905.3,24140.00,24140.00,24140.00,235,6.1,3.5,3.33
2023-04-21,80,33.1,24.1,0.50,9.2,218,28.3,44,100,0,54,74,35,907.5,910.8,905.6,24084.17,23240.00,24140.00,218,4.7,2.9,3.28
2023-04-22,2,32.9,24.0,0.00,8.7,211,28.2,20,81,0,53,68,32,908.3,911.4,906.4,24122.50,23720.00,24140.00,211,5.4,2.9,3.34
2023-04-23,80,33.8,21.2,2.00,14.1,187,26.4,44,100,0,65,84,35,910.3,913.6,908.5,24140.00,24140.00,24140.00,187,4.9,1.1,3.42
2023-04-24,95,32.7,21.9,1.60,7.2,211,26.9,48,100,14,61,85,36,912.7,916.2,910.8,24140.00,24140.00,24140.00,211,4.9,1.1,3.15
2023-04-25,80,33.9,23.5,0.90,10.0,245,27.9,53,100,19,57,74,35,911.5,915.2,909.3,23638.33,12100.00,24140.00,245,3.6,0.4,3.43
2023-04-26,95,29.7,21.8,11.70,12.3,155,25.1,87,100,4,73,90,57,911.1,913.8,909.2,23869.17,17640.00,24140.00,155,6.9,2.2,1.79
2023-04-27,80,31.1,21.3,2.40,11.2,203,25.4,75,100,32,71,92,46,911.8,914.9,909.2,24112.50,23800.00,24140.00,203,5.8,1.4,2.44
2023-04-28,80,32.9,22.1,2.30,9.7,214,26.7,57,100,26,66,85,43,911.2,914.8,908.9,24140.00,24140.00,24140.00,214,5.1,2.9,2.85
2023-04-29,95,34.9,23.2,8.20,9.0,200,28.3,57,100,15,57,81,29,910.0,913.3,907.9,24140.00,24140.00,24140.00,200,5.5,1.8,3.96
2023-04-30,80,29.1,22.1,0.80,12.4,132,25.3,77,100,38,72,87,56,910.5,913.2,908.4,22014.17,1700.00,24140.00,132,8.0,3.2,1.77
2023-05-01,80,30.0,21.4,0.90,8.5,190,25.4,70,100,30,70,91,49,911.7,914.4,909.8,24140.00,24140.00,24140.00,190,4.1,1.1,2.16
2023-05-02,95,31.4,22.2,6.80,8.0,203,26.1,74,100,33,70,85,47,912.1,915.0,909.7,24140.00,24140.00,24140.00,203,3.9,0.8,2.44
2023-05-03,95,31.0,21.3,7.40,6.9,240,25.8,68,100,0,72,91,51,912.6,915.6,910.3,23613.33,12620.00,24140.00,240,4.1,1.8,2.19
2023-05-04,80,32.3,22.8,2.60,9.4,238,27.4,55,100,0,66,87,45,910.6,913.5,908.4,24140.00,24140.00,24140.00,238,5.8,2.8,2.60
2023-05-05,80,33.0,24.2,0.70,12.0,247,28.4,41,100,0,60,79,42,908.0,910.9,905.5,24140.00,24140.00,24140.00,247,7.0,3.7,2.91
2023-05-06,2,34.6,25.4,0.00,10.1,248,29.9,30,75,0,54,73,36,907.1,910.5,905.1,24140.00,24140.00,24140.00,248,6.0,3.3,3.51
2023-05-07,95,34.8,25.2,6.60,8.2,244,29.4,69,100,0,59,78,39,906.9,910.1,904.9,24140.00,24140.00,24140.00,244,4.9,1.5,3.36
2023-05-08,96,34.1,23.7,34.70,7.1,172,27.1,99,100,69,71,83,47,908.2,910.6,906.0,23128.33,9840.00,24140.00,172,3.9,1.6,2.83
2023-05-09,95,29.9,22.1,15.70,7.8,200,25.3,95,100,62,77,91,57,910.1,912.2,907.8,23057.50,11320.00,24140.00,200,4.6,2.3,1.81
2023-05-10,96,29.1,22.2,13.70,6.3,183,25.0,96,100,60,78,88,61,910.9,912.8,908.9,24122.50,23720.00,24140.00,183,4.1,1.8,1.57
2023-05-11,95,30.1,21.8,6.00,6.0,200,25.2,96,100,83,78,92,56,911.7,914.2,909.2,21853.33,8320.00,24140.00,200,2.9,1.6,1.88
2023-05-12,95,26.5,21.8,21.90,5.7,140,23.6,100,100,100,87,96,75,911.6,914.0,909.3,15731.67,6040.00,24140.00,140,3.2,1.9,0.87
2023-05-13,95,26.5,21.2,19.80,6.0,140,23.3,99,100,87,88,95,74,911.3,913.3,909.4,15754.17,5400.00,24140.00,140,4.2,2.6,0.90
2023-05-14,96,27.2,21.6,24.00,12.1,181,23.8,97,100,79,82,95,64,910.4,912.6,907.9,23001.67,9220.00,24140.00,181,7.0,2.9,1.30
2023-05-15,95,25.9,21.3,7.50,14.7,204,23.3,91,100,58,82,89,73,910.7,912.5,909.3,20725.00,8960.00,24140.00,204,8.8,4.4,0.90
2023-05-16,80,29.0,21.2,1.00,14.1,231,24.5,55,84,0,75,89,53,911.5,913.8,910.1,24140.00,24140.00,24140.00,231,7.4,3.6,1.88
2023-05-17,2,29.1,21.1,0.20,11.7,245,25.2,37,75,2,71,90,51,911.9,914.2,910.6,24140.00,24140.00,24140.00,245,6.7,3.3,1.97
2023-05-18,2,31.0,22.4,0.40,11.3,257,26.5,35,76,0,64,80,44,911.4,914.0,909.7,24140.00,24140.00,24140.00,257,6.4,3.5,2.52
2023-05-19,2,31.3,22.8,0.20,8.9,241,26.8,32,76,0,63,81,43,909.8,912.1,908.1,24140.00,24140.00,24140.00,241,5.4,3.2,2.60
2023-05-20,2,31.4,23.1,0.20,6.3,233,27.2,42,81,0,64,82,46,909.4,911.5,908.1,24140.00,24140.00,24140.00,233,4.4,2.6,2.43
2023-05-21,2,32.3,23.7,0.00,6.1,232,27.6,43,81,0,65,83,42,910.4,912.8,908.9,24140.00,24140.00,24140.00,232,4.1,2.3,2.76
2023-05-22,80,31.5,24.6,1.20,7.3,234,27.3,86,100,8,70,83,50,910.7,913.1,909.0,24140.00,24140.00,24140.00,234,4.7,2.4,2.30
2023-05-23,96,31.0,23.5,12.80,8.4,226,26.0,100,100,100,78,87,57,910.4,913.0,908.1,24140.00,24140.00,24140.00,226,5.1,3.3,1.93
2023-05-24,96,30.9,22.3,6.30,11.3,217,25.9,100,100,100,74,89,53,909.6,912.1,907.2,23765.00,18920.00,24140.00,217,6.4,3.3,2.10
2023-05-25,80,30.6,22.5,1.20,10.8,214,26.3,74,100,38,69,85,50,909.9,912.3,907.9,24067.50,22860.00,24140.00,214,6.1,3.3,2.20
2023-05-26,3,31.0,22.4,0.30,7.6,227,26.4,74,100,49,66,84,47,910.2,913.3,908.4,24140.00,24140.00,24140.00,227,4.9,2.8,2.37
2023-05-27,95,30.7,22.6,4.50,8.5,227,26.3,94,100,65,73,89,51,909.1,911.4,907.2,23668.33,15640.00,24140.00,227,4.3,1.1,2.16
2023-05-28,96,29.8,23.1,28.90,4.7,146,25.8,100,100,93,78,89,59,908.9,911.1,907.1,24140.00,24140.00,24140.00,146,2.8,1.3,1.72
2023-05-29,96,29.1,22.4,12.40,6.3,163,25.3,93,100,12,81,94,61,909.9,911.8,908.5,23692.50,17720.00,24140.00,163,3.8,1.0,1.56
2023-05-30,80,31.0,22.7,2.20,7.9,183,26.1,73,100,15,77,91,55,909.5,911.7,907.2,24140.00,24140.00,24140.00,183,2.8,0.4,2.02
2023-05-31,95,31.1,22.3,5.00,10.4,216,26.0,93,100,27,77,93,58,908.3,910.5,906.2,23251.67,8020.00,24140.00,216,5.6,1.8,1.90
2023-06-01,95,31.7,23.0,2.00,10.0,220,26.9,64,100,25,69,87,48,907.5,909.5,905.4,24140.00,24140.00,24140.00,220,6.6,3.1,2.43
2023-06-02,80,30.7,22.8,1.30,13.9,224,26.2,74,99,30,71,85,51,907.9,909.9,906.2,23625.83,11800.00,24140.00,224,7.2,3.4,2.12
2023-06-03,80,31.0,22.3,1.40,12.0,224,26.0,65,100,12,73,90,50,908.9,911.2,907.3,23181.67,17840.00,24140.00,224,6.0,3.1,2.24
2023-06-04,80,30.6,22.4,1.80,13.2,220,25.9,98,100,75,73,90,48,908.9,911.0,906.7,24140.00,24140.00,24140.00,220,6.9,2.6,2.28
2023-06-05,95,30.7,22.9,5.50,11.2,200,25.8,97,100,69,75,89,51,907.7,909.6,905.6,22874.17,11500.00,24140.00,200,6.1,2.5,2.13
2023-06-06,95,28.4,21.9,11.30,8.0,167,24.7,98,100,89,81,95,60,907.3,908.9,905.0,21205.00,10500.00,24140.00,167,4.0,1.5,1.54
2023-06-07,95,26.8,21.7,17.40,9.7,173,23.9,100,100,94,85,95,70,907.8,909.7,906.0,14709.17,2180.00,24140.00,173,4.2,1.1,1.05
2023-06-08,95,27.3,21.7,12.80,11.4,193,23.9,98,100,83,82,91,67,908.0,909.8,906.1,17130.00,1940.00,24140.00,193,6.3,3.2,1.19
2023-06-09,95,27.1,21.9,9.10,13.3,214,24.1,100,100,100,83,92,67,907.4,909.3,905.6,17620.00,6580.00,24140.00,214,6.3,2.8,1.18
2023-06-10,95,27.7,22.1,12.70,11.7,214,24.2,100,100,100,82,91,66,906.7,908.5,904.8,20619.17,5360.00,24140.00,214,6.2,3.2,1.26
2023-06-11,95,28.7,21.7,8.00,14.2,211,24.5,96,100,81,81,93,60,906.3,907.8,904.1,17810.83,4240.00,24140.00,211,6.7,2.9,1.57
2023-06-12,80,27.9,21.9,3.10,13.8,206,24.3,98,100,89,79,90,61,906.3,908.1,904.9,13525.83,3820.00,24140.00,206,7.1,3.6,1.46
2023-06-13,95,27.2,22.4,2.30,17.9,208,24.0,100,100,92,78,83,66,906.8,908.5,905.3,20467.50,5900.00,24140.00,208,9.6,4.8,1.22
2023-06-14,95,26.1,22.2,7.10,17.8,217,23.9,100,100,91,80,87,70,908.2,909.7,906.8,21289.17,2440.00,24140.00,217,10.1,4.9,1.01
2023-06-15,95,27.1,21.0,9.80,14.5,223,23.8,96,100,80,81,90,67,908.4,910.2,906.5,23917.50,19980.00,24140.00,223,8.1,4.1,1.17
2023-06-16,80,29.6,21.8,2.20,15.5,225,25.1,79,100,44,76,92,53,907.9,909.7,906.0,23705.83,14840.00,24140.00,225,7.7,3.6,1.94
2023-06-17,80,29.7,22.4,1.40,12.0,222,25.7,82,100,59,74,87,56,908.7,910.6,906.8,24140.00,24140.00,24140.00,222,7.3,4.2,1.83
2023-06-18,96,29.1,22.8,12.60,14.5,220,25.2,100,100,96,77,88,61,908.7,910.6,906.5,22772.50,8280.00,24140.00,220,7.2,3.6,1.57
2023-06-19,95,30.0,23.0,6.10,15.6,217,25.1,100,100,100,76,85,54,908.4,910.1,906.8,17203.33,4920.00,24140.00,217,8.5,5.2,1.95
2023-06-20,80,28.4,22.3,1.00,13.0,216,24.8,99,100,88,75,84,58,908.8,910.1,907.5,17545.83,5800.00,24140.00,216,7.7,4.2,1.62
2023-06-21,3,27.7,21.5,0.20,15.9,227,24.7,91,100,71,72,82,59,909.7,911.6,907.7,17161.67,6360.00,24140.00,227,9.0,4.5,1.49
2023-06-22,80,27.6,21.5,1.60,13.0,227,24.4,95,100,86,77,87,65,910.0,912.0,908.1,22500.00,8340.00,24140.00,227,7.4,3.7,1.29
2023-06-23,80,29.4,22.0,0.70,13.7,239,25.4,86,100,64,70,83,54,909.1,911.1,907.0,23940.83,19360.00,24140.00,239,7.9,4.2,1.88
2023-06-24,96,28.3,22.8,6.70,15.2,237,24.8,98,100,90,76,85,61,908.3,909.8,906.7,23478.33,19360.00,24140.00,237,7.9,4.6,1.50
2023-06-25,95,25.6,22.2,6.60,9.2,223,23.7,100,100,100,83,90,76,908.0,909.2,906.7,20052.50,9160.00,24140.00,223,5.5,3.9,0.79
2023-06-26,96,27.0,21.9,15.40,13.0,226,23.7,100,100,100,84,91,69,908.2,909.8,906.5,17163.33,4900.00,24140.00,226,6.6,3.8,1.11
2023-06-27,96,27.1,21.6,8.60,10.8,218,23.9,100,100,100,85,93,72,908.7,910.7,907.4,16100.83,3900.00,24140.00,218,5.5,3.2,1.00
2023-06-28,95,27.4,21.9,12.90,4.7,208,24.3,100,100,100,85,93,71,909.9,912.0,908.1,19573.33,4520.00,24140.00,208,3.4,0.5,1.06
2023-06-29,96,29.1,21.5,19.70,7.2,229,24.7,100,100,94,84,95,65,909.1,911.1,906.5,21957.50,6460.00,24140.00,229,4.6,2.6,1.41
2023-06-30,96,28.3,22.1,18.70,9.7,221,24.7,100,100,100,84,92,70,908.0,909.8,905.8,21299.17,10940.00,24140.00,221,6.0,3.4,1.15
2023-07-01,96,29.1,21.7,28.20,10.7,216,24.8,100,100,100,83,94,64,908.0,909.6,906.1,19315.00,3820.00,24140.00,216,5.7,3.9,1.45
2023-07-02,96,28.3,22.2,17.00,12.0,210,24.6,100,100,100,83,93,64,908.7,910.2,906.9,14645.00,4060.00,24140.00,210,6.5,3.2,1.37
2023-07-03,95,27.1,21.7,13.60,13.8,210,23.7,100,100,98,85,94,69,909.1,911.0,907.1,15461.67,3580.00,24140.00,210,7.5,3.9,1.11
2023-07-04,95,26.2,21.5,7.50,16.5,208,23.0,99,100,94,84,89,69,909.3,910.7,907.2,18018.33,660.00,24140.00,208,8.0,3.7,1.05
2023-07-05,95,26.7,21.5,4.20,14.6,213,23.6,100,100,94,81,88,67,909.5,910.9,908.1,17242.50,5580.00,24140.00,213,8.0,4.3,1.15
2023-07-06,95,28.7,21.7,13.00,11.7,218,24.8,84,100,49,77,91,59,910.7,912.5,908.8,22345.83,8000.00,24140.00,218,7.0,2.8,1.61
2023-07-07,80,30.5,21.7,4.00,9.0,227,25.8,72,100,37,74,93,53,910.6,912.7,908.2,23046.67,10900.00,24140.00,227,5.2,0.5,2.01
2023-07-08,95,30.0,22.6,4.10,9.7,206,25.7,89,100,52,77,88,59,910.3,912.6,907.9,20887.50,4240.00,24140.00,206,4.9,2.9,1.72
2023-07-09,95,27.9,22.0,10.40,9.5,178,24.3,96,100,57,82,92,64,910.0,911.6,908.2,20190.00,4060.00,24140.00,178,4.6,2.2,1.35
2023-07-10,80,27.1,21.7,2.90,10.1,175,24.0,97,100,67,83,95,68,910.1,911.6,908.0,22669.17,10180.00,24140.00,175,5.5,2.2,1.14
2023-07-11,96,27.9,21.2,10.90,12.4,209,23.9,100,100,96,82,93,63,910.1,911.6,908.0,22610.83,10860.00,24140.00,209,6.4,2.9,1.39
2023-07-12,80,26.8,21.3,1.60,13.5,220,23.7,100,100,99,84,95,70,910.4,911.7,908.8,20895.83,7440.00,24140.00,220,6.9,2.5,1.05
2023-07-13,96,27.9,21.8,13.70,12.1,233,24.4,91,100,70,82,95,65,910.1,912.0,907.9,23971.67,20100.00,24140.00,233,6.6,3.3,1.32
2023-07-14,96,29.4,21.7,4.80,13.0,241,25.0,95,100,56,75,87,56,909.4,911.1,907.3,24140.00,24140.00,24140.00,241,7.6,4.3,1.80
2023-07-15,96,28.6,22.4,11.00,11.2,248,25.0,100,100,100,78,87,60,908.1,909.9,905.8,22688.33,12340.00,24140.00,248,6.1,3.5,1.56
2023-07-16,95,26.5,22.7,11.60,6.5,248,24.1,100,100,97,84,91,75,906.8,908.6,905.0,18911.67,5520.00,24140.00,248,4.0,0.8,0.86
2023-07-17,96,28.6,22.1,12.60,4.3,230,24.7,91,100,54,85,93,69,905.3,906.6,903.0,16560.00,1200.00,24140.00,230,2.6,0.7,1.21
2023-07-18,95,29.5,21.9,3.60,8.2,223,25.4,86,100,60,78,94,62,905.3,906.8,903.4,22736.67,13400.00,24140.00,223,4.8,2.0,1.56
2023-07-19,95,28.9,22.9,4.90,8.3,207,24.9,100,100,100,81,91,64,905.4,907.1,903.9,18803.33,3900.00,24140.00,207,5.4,3.6,1.43
2023-07-20,95,26.8,22.0,17.60,6.4,206,24.0,100,100,100,85,93,72,907.2,909.2,905.7,14909.17,4800.00,24140.00,206,4.0,2.2,0.98
2023-07-21,95,28.1,21.7,22.10,7.9,110,24.3,100,100,95,88,98,69,909.4,911.6,907.8,18853.33,4040.00,24140.00,110,2.7,0.8,1.18
2023-07-22,95,29.1,21.4,14.50,7.9,93,24.7,93,100,74,84,96,64,910.9,912.6,908.7,22124.17,11720.00,24140.00,93,4.7,1.9,1.45
2023-07-23,95,29.5,21.5,7.20,7.3,156,25.0,85,100,57,78,94,58,910.5,912.4,907.7,23975.83,21580.00,24140.00,156,3.7,1.1,1.73
2023-07-24,95,28.8,21.1,8.70,6.6,157,24.4,87,100,50,80,93,61,909.1,910.7,907.0,22040.00,6940.00,24140.00,157,3.7,1.8,1.54
2023-07-25,95,28.9,21.6,5.60,5.0,202,24.6,81,100,53,81,94,59,909.4,911.4,907.6,21807.50,9620.00,24140.00,202,2.9,1.6,1.63
2023-07-26,95,28.8,21.3,7.90,10.7,238,24.7,77,100,28,80,92,64,909.5,911.7,907.7,23726.67,14220.00,24140.00,238,6.0,2.8,1.42
2023-07-27,96,30.4,23.0,3.50,15.1,257,26.3,91,100,71,70,86,51,908.0,910.3,905.5,24140.00,24140.00,24140.00,257,9.2,4.7,2.12
2023-07-28,95,28.6,23.6,1.70,15.9,250,25.6,99,100,93,73,82,60,905.9,907.5,903.8,24140.00,24140.00,24140.00,250,9.0,4.8,1.56
2023-07-29,95,26.0,23.1,10.40,7.9,236,24.3,100,100,100,83,91,77,905.3,906.8,904.0,20555.00,5300.00,24140.00,236,6.0,5.1,0.75
2023-07-30,95,25.9,22.4,13.40,12.1,210,23.8,100,100,100,86,91,78,905.3,907.3,904.0,14188.33,2260.00,24140.00,210,7.3,5.4,0.73
2023-07-31,80,23.2,21.5,10.00,8.4,198,22.4,99,100,93,89,93,87,906.8,908.9,905.2,1033.33,140.00,2260.00,198,6.2,3.6,0.37
2023-08-01,95,24.4,21.7,7.90,8.4,214,22.9,99,100,89,89,92,86,907.7,909.3,906.3,7464.17,100.00,24140.00,214,6.7,4.7,0.43
2023-08-02,95,24.1,22.1,17.70,7.9,224,23.0,100,100,99,90,91,88,907.8,909.1,906.4,11595.00,940.00,23680.00,224,6.1,5.0,0.33
2023-08-03,95,24.7,22.2,25.20,8.5,233,23.1,100,100,100,90,92,84,907.3,909.1,905.6,19435.83,600.00,24140.00,233,6.8,4.8,0.50
2023-08-04,95,24.9,22.4,16.70,9.9,231,23.4,100,100,100,87,92,82,909.1,911.1,907.9,16114.17,6500.00,24140.00,231,7.3,5.6,0.55
2023-08-05,95,22.4,21.3,23.90,8.6,230,21.9,100,100,100,92,93,90,910.0,911.6,908.4,15550.00,760.00,24140.00,230,7.5,6.1,0.27
2023-08-06,80,22.8,21.3,19.00,10.1,236,21.9,100,100,99,92,94,89,908.2,909.6,906.1,20210.00,8780.00,24140.00,236,8.1,5.9,0.30
2023-08-07,80,22.3,20.9,24.40,11.2,230,21.5,100,100,98,92,94,89,906.7,907.9,905.1,8047.50,160.00,18680.00,230,9.3,6.9,0.29
2023-08-08,80,23.2,20.7,11.00,10.1,224,21.8,99,100,95,90,94,85,907.7,909.8,906.1,7207.50,220.00,23560.00,224,8.5,6.6,0.42
2023-08-09,80,23.8,20.8,2.50,10.0,226,22.1,100,100,96,88,93,79,909.4,910.7,908.2,9412.50,200.00,24140.00,226,7.8,5.4,0.62
2023-08-10,3,26.9,21.6,1.00,13.5,223,23.6,100,100,98,82,92,68,909.5,911.3,907.7,18604.17,6120.00,24140.00,223,6.8,3.4,1.13
2023-08-11,3,27.8,21.5,0.00,16.1,237,24.5,93,100,49,73,86,57,908.3,909.9,906.1,23760.00,15020.00,24140.00,237,8.0,4.4,1.61
2023-08-12,95,27.1,22.0,3.30,14.2,235,24.0,97,100,69,78,87,66,907.4,908.9,905.6,23620.00,11660.00,24140.00,235,7.4,3.6,1.22
2023-08-13,95,28.0,21.5,7.30,12.3,235,24.3,94,100,68,79,88,64,907.6,909.4,905.7,19888.33,5340.00,24140.00,235,6.4,4.3,1.36
2023-08-14,3,27.1,22.4,0.70,10.9,229,24.4,100,100,100,79,87,66,907.6,909.7,905.9,19597.50,6340.00,24140.00,229,6.8,3.9,1.22
2023-08-15,96,26.6,22.3,13.30,11.2,218,24.1,100,100,100,83,89,73,908.0,909.7,906.3,16845.00,2920.00,24140.00,218,6.0,3.6,0.93
2023-08-16,95,27.4,21.6,11.20,10.4,188,23.7,99,100,91,86,94,68,908.5,910.0,907.0,14006.67,4400.00,24140.00,188,5.0,1.8,1.16
2023-08-17,96,27.6,21.3,10.80,7.0,194,24.0,100,100,100,84,95,68,909.2,910.8,907.6,18045.00,5800.00,24140.00,194,3.9,2.2,1.18
2023-08-18,95,29.0,21.7,2.50,6.3,234,25.2,92,100,64,77,93,60,909.1,910.8,907.0,22875.00,7580.00,24140.00,234,3.6,1.3,1.59
2023-08-19,80,29.3,22.8,1.90,6.5,249,25.6,100,100,100,76,88,59,908.9,910.8,906.9,22425.83,11920.00,24140.00,249,3.8,1.8,1.66
2023-08-20,95,29.3,22.8,10.80,5.4,158,25.0,100,100,93,81,92,64,908.1,909.9,905.5,20591.67,6180.00,24140.00,158,2.7,0.5,1.46
2023-08-21,95,27.1,21.7,8.00,8.3,175,23.8,100,100,95,87,95,73,908.5,910.1,906.4,19440.83,4540.00,24140.00,175,3.7,1.3,0.96
2023-08-22,95,27.8,21.4,9.50,8.4,216,24.3,98,100,82,81,95,64,908.9,910.1,906.8,21078.33,5360.00,24140.00,216,5.0,2.9,1.30
2023-08-23,95,27.9,21.8,11.90,12.0,226,24.3,93,100,62,82,91,65,908.4,910.2,905.7,21420.83,4920.00,24140.00,226,6.2,2.8,1.32
2023-08-24,95,27.4,21.9,10.50,11.0,219,24.2,100,100,100,81,91,66,908.1,909.9,906.5,16340.00,4960.00,24140.00,219,6.1,2.9,1.24
2023-08-25,95,27.2,22.0,16.60,11.5,218,23.9,100,100,90,84,91,69,908.6,910.4,907.1,17250.00,5640.00,24140.00,218,6.1,3.3,1.12
2023-08-26,80,26.7,22.3,2.70,14.5,231,24.2,98,100,76,80,90,69,908.7,910.4,906.8,20315.83,5480.00,24140.00,231,8.1,4.3,1.09
2023-08-27,95,26.3,22.5,7.70,14.5,234,24.1,98,100,85,80,87,72,907.8,909.4,905.4,23686.67,14980.00,24140.00,234,7.9,4.3,0.96
2023-08-28,80,27.8,21.4,1.60,12.2,228,24.1,100,100,100,80,89,64,907.0,908.6,905.2,18334.17,6720.00,24140.00,228,6.4,3.5,1.34
2023-08-29,80,27.9,21.9,1.40,8.1,181,24.4,98,100,90,82,95,65,907.1,909.0,905.4,18711.67,3780.00,24140.00,181,3.9,1.8,1.31
2023-08-30,96,26.1,21.3,26.50,4.4,111,23.4,100,100,100,89,97,79,908.5,910.4,906.9,13909.17,4300.00,24140.00,111,3.0,0.8,0.71
2023-08-31,95,27.4,21.2,12.30,4.0,83,23.8,96,100,82,89,99,72,909.2,911.3,907.3,18731.67,5020.00,24140.00,83,2.5,0.0,1.02
2023-09-01,95,28.9,21.0,11.90,4.0,179,24.3,91,100,71,84,99,61,908.7,910.7,906.4,20686.67,6980.00,24140.00,179,1.9,0.0,1.55
2023-09-02,95,27.4,21.4,23.10,5.1,79,23.7,94,100,63,87,97,72,907.8,909.5,905.3,16360.00,4480.00,24140.00,79,2.8,0.8,1.02
2023-09-03,95,29.1,21.2,7.00,4.1,135,24.6,90,100,70,83,98,62,906.8,908.5,904.7,22109.17,9020.00,24140.00,135,2.6,0.5,1.53
2023-09-04,96,29.8,21.7,24.10,6.8,109,24.9,91,100,67,82,96,58,906.3,908.3,904.3,16745.83,6120.00,24140.00,109,3.2,0.4,1.76
2023-09-05,96,25.5,21.4,40.50,5.2,98,22.9,100,100,100,93,97,83,907.6,909.5,905.8,15397.50,4800.00,24140.00,98,3.2,1.1,0.55
2023-09-06,95,25.4,21.3,14.60,4.5,173,22.7,100,100,100,92,97,81,909.5,911.6,908.2,14128.33,720.00,24140.00,173,2.9,1.8,0.62
2023-09-07,96,26.6,21.0,17.00,6.3,243,23.5,100,100,96,88,98,73,910.1,912.2,908.2,16700.83,2640.00,24140.00,243,3.2,0.8,0.94
2023-09-08,96,27.4,21.8,17.60,4.1,241,23.8,100,100,100,88,94,71,909.6,911.8,907.5,19557.50,2180.00,24140.00,241,2.4,0.0,1.06
2023-09-09,95,25.6,21.4,22.50,4.6,227,23.2,100,100,100,91,96,84,907.8,909.4,905.3,13075.83,240.00,24140.00,227,2.7,1.1,0.52
2023-09-10,96,24.9,21.3,19.90,4.4,189,23.1,100,100,100,91,96,85,907.2,909.3,905.1,16285.83,3940.00,24140.00,189,2.4,0.7,0.47
2023-09-11,95,25.6,21.1,20.20,13.4,206,22.8,99,100,92,89,95,76,907.4,909.1,906.1,11897.50,160.00,24140.00,206,5.8,3.3,0.79
2023-09-12,95,24.8,21.0,8.60,8.6,217,22.8,97,100,82,87,94,80,908.4,910.4,906.9,17015.83,7340.00,24140.00,217,5.9,2.7,0.63
2023-09-13,95,26.0,21.7,20.10,12.4,232,22.9,98,100,91,86,93,73,909.3,911.1,907.5,17715.83,4160.00,24140.00,232,6.4,4.0,0.90
2023-09-14,96,25.9,21.0,23.90,6.0,244,22.7,100,100,100,90,96,76,909.2,911.1,907.2,20980.83,12600.00,24140.00,244,4.2,1.8,0.80
2023-09-15,95,27.0,21.1,35.90,9.8,28,23.2,100,100,100,90,98,71,908.5,910.2,906.5,16763.33,4000.00,24140.00,28,4.3,1.3,1.03
2023-09-16,95,24.6,21.2,40.90,7.6,75,22.6,100,100,100,91,97,83,908.7,910.6,906.7,13217.50,680.00,24140.00,75,5.7,2.6,0.52
2023-09-17,95,24.3,21.3,16.90,6.8,114,22.3,100,100,96,91,96,82,908.9,910.7,907.2,11111.67,1000.00,24140.00,114,5.0,3.7,0.55
2023-09-18,95,24.4,20.8,21.00,5.6,153,22.3,100,100,100,91,97,83,910.3,912.5,908.8,16802.50,200.00,24140.00,153,4.2,3.0,0.52
2023-09-19,95,26.1,20.9,5.10,9.9,219,22.9,100,100,99,86,93,73,912.4,914.4,910.9,19625.00,6400.00,24140.00,219,5.1,3.1,0.91
2023-09-20,95,27.3,20.9,17.10,4.7,245,23.5,99,100,90,85,94,69,912.0,913.9,909.5,24140.00,24140.00,24140.00,245,3.3,0.8,1.12
2023-09-21,80,28.6,20.9,2.90,3.6,210,24.0,94,100,56,83,92,64,911.8,914.1,909.3,22490.00,10640.00,24140.00,210,2.0,0.8,1.40
2023-09-22,80,29.0,20.8,1.90,5.9,147,24.3,96,100,77,83,94,62,911.5,913.6,909.3,22731.67,7180.00,24140.00,147,3.7,2.2,1.52
2023-09-23,45,29.9,21.1,1.10,4.6,162,24.8,80,100,30,80,96,56,911.2,913.6,909.0,23420.83,7520.00,24140.00,162,3.0,1.0,1.85
2023-09-24,95,29.6,20.9,8.20,5.9,137,24.6,91,100,39,81,95,59,910.1,912.4,908.1,21846.67,7140.00,24140.00,137,2.3,0.4,1.69
2023-09-25,95,28.2,21.1,12.70,6.3,72,23.9,95,100,67,85,95,65,909.4,911.6,907.4,22287.50,11020.00,24140.00,72,3.6,1.0,1.30
2023-09-26,95,28.4,21.0,10.50,12.6,33,24.2,94,100,64,82,96,60,909.0,911.0,907.4,20957.50,7940.00,24140.00,33,5.3,0.7,1.54
2023-09-27,95,26.9,21.8,20.00,16.3,35,23.5,98,100,85,84,92,65,907.5,909.0,905.4,13020.00,6420.00,24140.00,35,6.8,0.7,1.24
2023-09-28,95,23.8,21.4,10.30,11.3,87,21.9,100,100,98,89,94,84,908.7,910.8,907.2,9213.33,800.00,23480.00,87,7.7,5.1,0.47
2023-09-29,95,22.6,20.6,20.60,8.3,116,21.5,100,100,100,94,97,90,910.9,913.0,909.2,2160.00,120.00,13500.00,116,5.2,2.3,0.27
2023-09-30,80,23.4,20.3,12.10,6.6,185,21.5,100,100,99,90,96,82,911.7,913.6,909.8,10376.67,160.00,24140.00,185,4.8,2.6,0.52
2023-10-01,95,26.7,20.6,8.20,10.0,212,22.9,98,100,83,87,95,69,911.0,912.6,908.7,17813.33,6260.00,24140.00,212,4.8,2.4,1.08
2023-10-02,95,27.5,20.9,9.80,7.2,231,23.8,96,100,69,86,95,68,911.6,913.8,909.8,21055.83,6520.00,24140.00,231,4.0,1.5,1.17
2023-10-03,95,28.5,20.9,7.00,5.0,203,24.2,93,100,65,85,99,65,912.0,914.7,910.0,21110.00,7540.00,24140.00,203,2.6,0.8,1.36
2023-10-04,95,29.0,21.1,11.40,5.2,150,24.2,89,100,69,84,98,63,911.8,914.3,909.7,22607.50,6440.00,24140.00,150,3.1,0.8,1.48
2023-10-05,95,29.4,21.3,12.90,5.7,131,24.4,91,100,74,84,98,61,910.7,913.1,908.0,23044.17,11580.00,24140.00,131,3.6,1.6,1.60
2023-10-06,95,27.4,21.2,9.80,5.6,142,23.8,96,100,84,89,99,72,910.2,912.5,908.2,21479.17,5620.00,24140.00,142,3.4,1.9,1.02
2023-10-07,96,24.7,20.9,14.60,4.9,126,22.5,100,100,98,93,97,83,910.5,912.7,908.7,18716.67,4040.00,24140.00,126,3.2,2.4,0.53
2023-10-08,95,24.9,20.6,23.60,4.3,132,22.2,100,100,100,93,98,83,911.5,913.4,909.7,19555.83,5880.00,24140.00,132,3.0,0.5,0.54
2023-10-09,95,21.9,20.6,27.40,6.5,105,21.2,100,100,97,95,97,90,912.4,914.0,911.0,14121.67,300.00,24140.00,105,4.1,1.5,0.25
2023-10-10,95,23.3,20.4,12.00,15.5,96,21.8,91,100,70,90,97,80,913.5,915.4,911.7,13195.00,320.00,24140.00,96,7.0,3.0,0.57
2023-10-11,80,25.3,20.3,1.20,12.4,101,22.3,83,100,53,85,94,70,914.2,916.6,912.7,19941.67,7120.00,24140.00,101,6.3,2.9,0.97
2023-10-12,95,26.1,20.1,6.00,6.6,98,22.6,96,100,71,86,95,70,915.2,917.6,913.6,18136.67,4020.00,24140.00,98,3.8,1.1,1.01
2023-10-13,95,25.6,20.4,7.90,3.4,105,22.6,96,100,81,89,96,77,914.7,917.3,912.6,20651.67,4860.00,24140.00,105,1.6,0.4,0.75
2023-10-14,95,25.8,20.3,11.40,3.8,141,22.5,98,100,88,91,100,76,912.9,915.0,910.7,21047.50,4260.00,24140.00,141,1.8,0.8,0.79
2023-10-15,95,25.7,20.1,7.50,5.2,69,22.3,94,100,56,90,99,74,911.8,913.8,910.0,22497.50,7560.00,24140.00,69,3.3,0.4,0.86
2023-10-16,80,24.9,20.0,5.00,8.0,69,22.0,91,100,70,89,96,75,913.2,915.8,911.5,20751.67,7280.00,24140.00,69,4.8,2.5,0.79
2023-10-17,80,26.7,20.2,2.30,4.3,78,22.9,73,100,0,84,95,64,913.5,916.0,912.0,23560.83,17760.00,24140.00,78,2.8,1.4,1.26
2023-10-18,2,27.7,20.2,0.60,5.1,189,23.7,59,79,29,80,94,62,913.8,916.4,912.3,22498.33,7960.00,24140.00,189,2.4,0.8,1.41
2023-10-19,95,27.8,21.3,8.10,4.5,251,23.8,72,100,12,81,93,63,913.5,915.9,912.4,21340.00,6860.00,24140.00,251,2.3,0.5,1.38
2023-10-20,95,27.8,20.2,3.40,7.9,75,23.4,68,100,1,85,97,64,913.9,916.4,912.2,20619.17,7080.00,24140.00,75,4.0,0.8,1.34
2023-10-21,95,25.5,20.1,18.40,8.1,80,22.1,97,100,85,89,97,73,915.3,917.4,913.3,19924.17,6340.00,24140.00,80,4.4,2.1,0.88
2023-10-22,96,25.9,19.7,12.70,6.6,83,22.3,95,100,78,87,97,70,915.6,917.8,913.8,19950.00,7280.00,24140.00,83,4.1,1.9,1.00
2023-10-23,95,25.9,19.7,3.70,5.0,117,22.4,82,100,40,85,94,66,915.2,917.6,913.1,21066.67,5420.00,24140.00,117,2.4,0.7,1.13
2023-10-24,80,27.2,19.9,0.80,6.4,95,23.3,43,78,0,79,96,58,914.6,916.5,913.0,23000.83,15080.00,24140.00,95,2.7,0.5,1.52
2023-10-25,3,27.3,20.5,0.50,6.7,97,23.5,62,100,0,80,94,62,914.4,916.7,912.9,22517.50,9920.00,24140.00,97,3.8,2.1,1.36
2023-10-26,95,27.2,20.6,7.10,5.5,91,23.2,100,100,100,84,95,66,913.7,916.1,912.3,20631.67,6720.00,24140.00,91,3.4,1.0,1.23
2023-10-27,95,26.3,20.2,9.60,3.6,118,22.6,100,100,100,90,99,73,913.3,915.2,911.3,23010.00,11960.00,24140.00,118,2.3,0.8,0.92
2023-10-28,95,25.0,20.1,4.90,3.3,71,22.0,99,100,86,91,100,78,913.2,915.3,911.3,20887.50,5320.00,24140.00,71,2.0,1.1,0.69
2023-10-29,95,24.8,19.9,10.60,6.0,53,22.0,100,100,100,91,97,78,913.4,915.3,912.0,22275.83,10200.00,24140.00,53,3.7,1.1,0.69
2023-10-30,96,25.6,20.3,17.70,8.4,58,22.1,89,100,42,89,98,74,914.6,916.8,912.6,22560.83,5420.00,24140.00,58,5.0,2.2,0.85
2023-10-31,95,24.2,19.3,4.20,7.4,57,21.2,96,100,78,90,98,75,915.9,918.2,914.3,21524.17,5960.00,24140.00,57,5.0,2.9,0.75
2023-11-01,45,25.6,19.4,0.50,7.4,68,21.9,58,90,0,86,97,69,915.9,918.3,914.2,21245.83,5880.00,24140.00,68,4.4,2.2,1.01
2023-11-02,3,27.1,19.1,0.00,4.0,106,22.7,32,92,0,81,96,59,914.3,916.8,912.5,22595.00,6200.00,24140.00,106,2.0,0.5,1.47
2023-11-03,3,27.4,20.5,0.10,4.0,255,23.6,28,84,0,79,92,59,912.7,914.8,910.9,22965.83,7700.00,24140.00,255,2.0,0.8,1.50
2023-11-04,95,27.4,21.2,2.70,5.6,222,23.6,74,100,14,82,92,63,912.6,914.6,911.5,21601.67,6220.00,24140.00,222,2.2,0.8,1.33
2023-11-05,95,27.5,21.0,4.10,2.5,6,23.7,71,100,8,85,95,66,913.6,915.9,912.2,23861.67,17460.00,24140.00,6,1.3,0.4,1.24
2023-11-06,80,27.8,21.5,3.40,3.9,53,23.9,69,92,25,82,95,65,914.1,916.4,912.6,22853.33,5940.00,24140.00,53,1.6,0.5,1.30
2023-11-07,95,27.4,20.2,12.40,6.2,93,23.0,87,100,64,84,95,67,914.0,916.3,912.4,21863.33,7100.00,24140.00,93,3.5,1.1,1.20
2023-11-08,95,27.5,20.1,2.00,3.7,198,23.4,68,100,48,81,92,65,913.2,915.4,911.6,22635.83,11400.00,24140.00,198,2.2,0.4,1.28
2023-11-09,3,27.7,20.2,1.10,4.7,175,23.8,84,100,33,81,95,64,913.5,916.0,912.3,22760.83,9000.00,24140.00,175,2.5,0.5,1.33
2023-11-10,3,28.0,20.8,0.90,4.5,160,24.3,64,93,41,80,92,63,914.8,917.0,913.5,23945.83,21380.00,24140.00,160,2.4,0.0,1.39
2023-11-11,3,28.6,21.0,0.50,4.0,95,24.3,67,100,3,78,94,55,915.4,917.8,913.8,23988.33,20800.00,24140.00,95,2.5,0.7,1.76
2023-11-12,96,27.8,21.2,12.30,9.2,106,23.7,95,100,70,78,92,57,915.8,918.0,914.1,20796.67,8020.00,24140.00,106,4.3,0.8,1.60
2023-11-13,80,26.8,19.6,2.50,9.0,82,22.6,74,100,6,85,96,68,916.0,918.3,914.3,20295.00,3420.00,24140.00,82,5.2,2.3,1.12
2023-11-14,3,25.7,20.0,0.50,9.0,82,22.3,93,100,55,82,93,67,916.7,919.2,914.8,23247.50,11500.00,24140.00,82,5.9,3.8,1.09
2023-11-15,3,26.4,19.9,0.20,4.8,81,22.8,89,100,0,77,94,58,916.8,918.9,915.7,21580.83,5900.00,24140.00,81,3.4,1.8,1.45
2023-11-16,80,26.4,20.1,3.10,14.3,93,22.6,68,90,33,80,90,64,917.8,920.0,916.1,20502.50,7980.00,24140.00,93,7.5,4.0,1.24
2023-11-17,80,21.0,17.1,0.40,12.7,44,19.2,75,97,24,78,89,68,918.7,920.7,917.0,17674.17,1840.00,24140.00,44,8.2,3.1,0.78
2023-11-18,3,23.6,15.2,0.00,8.7,42,19.0,27,85,0,70,85,52,917.5,919.8,915.3,24140.00,24140.00,24140.00,42,5.0,2.6,1.40
2023-11-19,2,24.0,16.1,0.00,10.8,37,19.5,20,78,0,67,82,46,916.9,919.3,914.9,24140.00,24140.00,24140.00,37,5.5,2.9,1.61
2023-11-20,1,24.2,15.6,0.00,8.7,37,19.6,5,38,0,66,77,51,915.9,918.2,914.8,24140.00,24140.00,24140.00,37,4.6,2.5,1.48
2023-11-21,2,25.2,16.1,0.00,5.8,36,20.4,23,64,0,70,83,51,914.3,916.8,912.4,24140.00,24140.00,24140.00,36,3.4,1.1,1.57
2023-11-22,2,25.9,17.3,0.00,6.9,44,21.1,21,67,0,70,80,50,912.9,915.4,911.4,24140.00,24140.00,24140.00,44,2.9,0.7,1.67
2023-11-23,3,24.6,17.4,0.00,10.5,95,20.7,44,89,0,75,88,58,913.2,915.8,911.5,21625.83,8180.00,24140.00,95,5.6,3.2,1.30
2023-11-24,3,24.9,17.2,0.00,10.4,83,21.0,52,93,0,74,86,56,914.7,917.2,913.1,23949.17,19560.00,24140.00,83,5.9,2.9,1.38
2023-11-25,3,24.8,18.3,0.00,11.3,68,21.0,70,100,8,77,90,57,915.4,917.5,913.7,24140.00,24140.00,24140.00,68,6.2,3.3,1.34
2023-11-26,3,25.0,16.7,0.00,13.0,44,20.8,48,83,16,73,91,53,916.2,919.0,914.6,24140.00,24140.00,24140.00,44,6.4,3.3,1.49
2023-11-27,3,25.0,16.6,0.00,11.3,25,20.5,39,100,0,73,89,53,915.8,918.1,914.5,24140.00,24140.00,24140.00,25,6.1,3.3,1.48
2023-11-28,3,24.5,16.2,0.00,7.9,46,20.0,42,98,0,70,83,49,914.5,916.7,913.2,24140.00,24140.00,24140.00,46,4.8,3.1,1.57
2023-11-29,3,24.8,16.0,0.00,7.1,47,20.2,59,100,0,71,87,51,914.8,916.6,913.3,24140.00,24140.00,24140.00,47,4.5,2.8,1.53
2023-11-30,80,24.8,17.5,0.70,7.9,52,20.7,78,100,52,73,83,55,915.7,917.7,913.9,24140.00,24140.00,24140.00,52,4.6,2.4,1.41
2023-12-01,3,26.1,18.1,0.00,11.2,74,21.5,71,91,44,77,91,57,915.3,917.6,913.3,24124.17,23820.00,24140.00,74,5.6,3.2,1.45
2023-12-02,3,26.8,19.8,0.20,10.4,94,22.4,63,83,45,75,90,53,915.4,917.8,913.5,22585.00,8820.00,24140.00,94,6.2,3.6,1.65
2023-12-03,80,25.8,19.0,1.20,6.9,76,21.9,74,93,44,80,93,61,915.5,917.7,913.8,24026.67,21420.00,24140.00,76,4.5,3.2,1.29
2023-12-04,3,26.7,18.9,0.20,4.1,85,22.2,77,100,47,80,91,59,914.5,916.8,912.8,23603.33,14160.00,24140.00,85,2.7,0.7,1.43
2023-12-05,3,26.8,19.5,0.00,8.4,210,22.8,62,98,35,78,93,60,913.8,916.0,912.5,23512.50,12920.00,24140.00,210,3.2,1.0,1.39
2023-12-06,95,27.6,20.1,2.70,8.0,24,23.1,69,100,26,76,88,58,914.7,917.1,913.1,22911.67,8300.00,24140.00,24,2.8,0.5,1.55
2023-12-07,80,23.6,19.5,4.90,6.8,101,21.2,71,91,28,88,95,77,914.6,917.0,912.8,21766.67,7020.00,24140.00,101,4.0,0.7,0.67
2023-12-08,80,24.4,19.2,1.30,10.8,199,21.6,68,96,31,84,93,70,913.9,916.0,912.2,22815.00,8680.00,24140.00,199,4.9,1.9,0.92
2023-12-09,3,26.5,19.6,0.00,8.1,218,22.7,45,82,0,79,90,62,912.9,915.3,911.3,21255.00,5180.00,24140.00,218,4.4,2.0,1.31
2023-12-10,2,26.8,20.3,0.00,7.8,209,23.1,40,80,0,78,88,61,911.7,913.7,910.3,22031.67,12180.00,24140.00,209,3.8,1.6,1.37
2023-12-11,3,27.1,20.0,0.20,3.7,139,23.2,48,85,0,80,92,62,912.8,915.3,911.2,22566.67,11240.00,24140.00,139,2.1,0.5,1.36
2023-12-12,3,27.9,19.9,0.00,9.4,155,23.3,46,89,0,76,91,53,912.9,915.6,911.7,23820.83,16520.00,24140.00,155,4.7,1.5,1.76
2023-12-13,3,26.4,19.3,0.10,8.3,143,22.3,53,77,0,80,97,60,914.2,917.0,912.4,24140.00,24140.00,24140.00,143,5.2,3.1,1.36
2023-12-14,3,26.6,19.0,0.10,5.6,176,22.4,52,100,0,76,95,53,915.0,917.7,913.6,24030.83,21520.00,24140.00,176,3.7,1.4,1.64
2023-12-15,2,27.1,18.0,0.00,4.7,243,22.4,39,79,0,73,96,48,914.6,917.4,913.2,24140.00,24140.00,24140.00,243,2.4,0.0,1.87
2023-12-16,3,26.3,19.0,0.00,6.0,124,22.4,59,82,18,69,83,51,914.4,917.1,912.9,24140.00,24140.00,24140.00,124,3.4,0.7,1.65
2023-12-17,2,26.8,17.8,0.00,11.4,103,22.1,56,70,36,67,78,49,915.3,918.2,914.0,24140.00,24140.00,24140.00,103,5.7,3.8,1.79
2023-12-18,2,26.3,17.5,0.00,6.1,92,21.7,66,79,30,71,92,47,915.9,918.9,914.4,24140.00,24140.00,24140.00,92,4.2,2.1,1.81
2023-12-19,3,26.1,17.7,0.00,6.5,115,21.7,59,86,0,69,89,46,915.7,918.4,914.4,24140.00,24140.00,24140.00,115,3.8,1.1,1.83
2023-12-20,3,26.1,16.4,0.00,6.0,90,21.3,43,86,0,66,83,47,915.3,918.1,914.0,24140.00,24140.00,24140.00,90,4.0,1.5,1.79
2023-12-21,3,24.8,17.6,0.00,9.4,105,20.7,60,91,23,70,87,53,915.6,917.9,913.8,24115.00,23640.00,24140.00,105,7.1,5.4,1.47
2023-12-22,3,19.2,15.7,0.00,11.2,89,17.5,86,100,51,72,86,62,917.8,919.9,915.8,24140.00,24140.00,24140.00,89,8.4,3.9,0.82
2023-12-23,3,20.6,13.7,0.00,13.4,36,16.5,49,90,1,74,92,52,919.3,921.5,917.7,24140.00,24140.00,24140.00,36,7.4,4.0,1.16
2023-12-24,3,20.7,10.8,0.00,9.4,51,16.1,51,93,0,68,89,50,919.4,922.2,917.9,24140.00,24140.00,24140.00,51,5.8,2.6,1.22
2023-12-25,3,21.0,12.9,0.00,7.1,51,16.6,62,94,31,70,83,52,918.2,920.5,916.6,24140.00,24140.00,24140.00,51,4.7,3.7,1.18
2023-12-26,3,23.2,12.3,0.00,5.7,64,18.0,58,94,10,71,90,50,917.9,920.5,916.3,24140.00,24140.00,24140.00,64,3.7,1.1,1.42
2023-12-27,3,24.7,14.4,0.00,7.2,52,19.2,44,86,0,68,88,46,918.3,921.4,916.5,24140.00,24140.00,24140.00,52,4.3,2.7,1.68
2023-12-28,2,25.4,14.8,0.00,5.9,84,19.7,27,77,0,62,81,40,916.9,920.1,915.7,24140.00,24140.00,24140.00,84,3.8,0.8,1.94
2023-12-29,3,26.4,15.9,0.00,5.2,96,20.5,39,98,0,56,69,37,915.8,919.0,914.7,24140.00,24140.00,24140.00,96,3.0,0.5,2.17
2023-12-30,3,26.6,16.2,0.00,5.2,101,20.9,28,100,0,51,64,37,914.8,917.9,913.4,24140.00,24140.00,24140.00,101,4.1,3.2,2.19
2023-12-31,2,27.6,16.0,0.00,8.4,180,21.4,13,48,0,52,64,35,914.3,917.5,912.7,24140.00,24140.00,24140.00,180,4.4,1.1,2.39
2024-01-01,2,28.2,17.1,0.00,9.2,204,21.9,16,53,0,53,70,32,913.9,917.0,912.3,24140.00,24140.00,24140.00,204,4.2,1.5,2.56
2024-01-02,2,26.5,16.2,0.00,4.7,227,21.4,34,59,0,60,77,40,914.0,916.8,912.3,24140.00,24140.00,24140.00,227,2.5,0.4,2.07
2024-01-03,2,26.5,16.3,0.00,5.6,120,21.7,54,81,0,59,79,39,914.2,916.8,912.9,24140.00,24140.00,24140.00,120,3.0,0.8,2.11
2024-01-04,2,25.7,16.5,0.00,6.9,156,20.5,43,76,0,66,83,44,914.2,917.4,911.9,24140.00,24140.00,24140.00,156,5.2,3.2,1.84
2024-01-05,2,26.1,16.1,0.00,5.4,155,20.8,49,80,0,63,80,42,914.3,917.2,912.6,24140.00,24140.00,24140.00,155,3.4,0.4,1.96
2024-01-06,3,26.1,17.1,0.00,4.9,137,21.1,75,100,37,67,85,44,914.7,917.2,913.3,24140.00,24140.00,24140.00,137,3.5,0.8,1.89
2024-01-07,3,26.3,17.4,0.00,7.4,171,21.4,68,95,0,69,88,46,914.7,918.0,913.2,24140.00,24140.00,24140.00,171,4.9,2.6,1.85
2024-01-08,3,26.8,17.8,0.00,10.0,216,21.8,50,85,0,70,89,48,914.2,917.0,913.0,24140.00,24140.00,24140.00,216,5.0,0.8,1.83
2024-01-09,2,27.5,18.7,0.00,10.9,225,22.4,30,57,0,67,85,43,913.3,916.1,912.3,24140.00,24140.00,24140.00,225,5.8,2.1,2.09
2024-01-10,2,27.3,18.8,0.00,12.0,205,22.4,31,59,0,66,85,44,912.3,915.2,911.0,24140.00,24140.00,24140.00,205,5.1,0.4,1.99
2024-01-11,2,27.6,18.7,0.00,13.7,219,22.4,26,62,0,66,83,42,912.8,916.5,911.2,24140.00,24140.00,24140.00,219,5.4,0.4,2.14
2024-01-12,2,27.0,19.2,0.00,13.5,208,22.6,49,76,0,71,93,49,912.4,915.0,911.1,24140.00,24140.00,24140.00,208,6.4,3.0,1.78
2024-01-13,3,26.0,18.8,0.10,7.0,139,22.0,64,83,29,76,92,54,912.8,915.5,910.8,22801.67,11220.00,24140.00,139,4.7,2.9,1.54
2024-01-14,2,24.9,17.3,0.40,5.9,124,20.9,63,78,6,79,98,58,914.6,917.8,913.3,23456.67,18080.00,24140.00,124,4.1,2.4,1.32
2024-01-15,3,25.0,16.6,0.10,9.5,129,20.7,57,93,16,75,95,56,914.5,917.5,913.1,21906.67,7520.00,24140.00,129,5.3,1.9,1.38
2024-01-16,80,25.0,17.1,2.20,8.5,165,20.4,56,87,16,73,89,51,913.9,917.1,912.4,22167.50,8340.00,24140.00,165,4.9,1.8,1.54
2024-01-17,80,25.7,16.6,0.30,11.7,187,21.0,55,95,0,67,86,48,913.6,916.6,912.3,24140.00,24140.00,24140.00,187,5.9,1.8,1.71
2024-01-18,3,26.2,17.3,0.00,12.6,226,21.6,44,83,0,64,86,40,913.4,916.9,912.0,24140.00,24140.00,24140.00,226,5.4,1.6,2.00
2024-01-19,2,26.3,16.2,0.00,10.9,256,21.1,17,76,0,54,81,31,912.9,916.7,911.6,24140.00,24140.00,24140.00,256,5.1,0.4,2.27
2024-01-20,2,26.6,15.8,0.00,11.2,219,20.9,12,65,0,52,73,28,912.9,915.6,911.3,24140.00,24140.00,24140.00,219,4.3,0.0,2.40
2024-01-21,2,26.2,15.4,0.00,15.3,217,20.7,25,69,0,49,73,22,913.3,916.6,911.8,24140.00,24140.00,24140.00,217,6.2,1.5,2.62
2024-01-22,3,26.7,14.1,0.00,7.3,261,20.3,19,94,0,53,69,33,914.4,917.4,912.5,24140.00,24140.00,24140.00,261,3.0,0.5,2.35
2024-01-23,3,26.4,15.7,0.00,9.3,178,21.0,35,83,0,53,70,33,914.8,918.1,913.0,24140.00,24140.00,24140.00,178,4.4,0.8,2.31
2024-01-24,3,24.6,16.0,0.00,10.0,141,19.5,56,91,10,69,88,47,916.0,918.6,914.3,24140.00,24140.00,24140.00,141,7.2,4.8,1.64
2024-01-25,3,23.0,15.0,0.00,11.0,143,18.4,74,100,29,73,91,56,917.5,919.9,916.0,24140.00,24140.00,24140.00,143,5.8,3.8,1.23
2024-01-26,3,20.8,13.5,0.00,6.9,143,16.7,74,98,28,82,95,64,917.9,920.5,916.7,24140.00,24140.00,24140.00,143,4.0,1.8,0.89
2024-01-27,3,23.5,14.7,0.00,10.0,190,18.5,77,100,54,78,94,59,917.0,920.1,915.2,24140.00,24140.00,24140.00,190,4.4,1.0,1.18
2024-01-28,95,23.5,16.2,8.00,10.5,176,19.0,77,100,47,85,95,66,916.3,919.2,914.5,18320.83,260.00,24140.00,176,5.2,2.3,0.98
2024-01-29,45,24.0,16.4,0.00,10.6,184,19.4,69,93,26,84,99,59,916.1,919.1,913.8,20177.50,2760.00,24140.00,184,5.2,3.1,1.22
2024-01-30,45,23.9,17.0,0.00,11.5,209,19.8,67,84,40,84,96,63,915.4,917.8,913.4,23486.67,16640.00,24140.00,209,5.7,3.0,1.10
2024-01-31,45,24.7,16.3,0.00,12.2,233,20.1,52,79,0,76,98,50,915.2,918.5,913.6,23711.67,15840.00,24140.00,233,5.5,2.8,1.54
2024-02-01,3,25.9,15.9,0.00,10.6,234,20.7,29,100,0,64,91,37,915.1,918.2,913.7,24140.00,24140.00,24140.00,234,5.1,2.8,2.11
2024-02-02,1,26.7,15.4,0.00,13.3,243,21.1,5,78,0,54,69,36,914.2,916.9,912.8,24140.00,24140.00,24140.00,243,6.2,2.9,2.24
2024-02-03,1,27.8,16.2,0.00,13.5,239,21.6,3,23,0,49,67,23,914.1,917.3,912.5,24140.00,24140.00,24140.00,239,6.5,3.3,2.85
2024-02-04,0,27.2,15.8,0.00,9.0,252,21.3,0,0,0,50,69,32,914.7,917.7,913.0,24140.00,24140.00,24140.00,252,5.0,2.6,2.45
2024-02-05,1,28.4,15.3,0.00,7.4,229,21.6,1,10,0,51,71,28,914.7,917.8,912.9,24140.00,24140.00,24140.00,229,3.8,1.8,2.72
2024-02-06,1,28.8,16.3,0.00,8.7,233,22.5,1,9,0,50,66,31,915.0,918.4,913.5,24140.00,24140.00,24140.00,233,4.1,0.4,2.73
2024-02-07,1,29.1,16.5,0.00,9.6,264,22.9,2,31,0,49,70,30,914.3,917.8,912.6,24140.00,24140.00,24140.00,264,4.2,1.3,2.82
2024-02-08,0,29.9,17.3,0.00,9.3,241,23.5,0,4,0,49,65,29,912.8,916.3,910.8,24140.00,24140.00,24140.00,241,4.5,1.3,2.99
2024-02-09,2,30.2,19.0,0.00,10.5,208,24.2,20,63,0,54,68,30,914.0,916.7,911.6,24140.00,24140.00,24140.00,208,5.9,1.9,2.95
2024-02-10,2,26.3,20.0,0.00,13.1,130,22.4,54,79,24,71,88,55,916.7,918.9,914.1,24140.00,24140.00,24140.00,130,7.6,4.9,1.54
2024-02-11,3,23.4,17.4,0.20,10.8,83,20.0,66,100,0,71,81,55,919.4,922.4,917.8,23670.00,13000.00,24140.00,83,7.0,4.6,1.30
2024-02-12,3,26.6,14.7,0.00,6.1,131,20.4,33,77,0,65,87,41,918.2,921.2,916.5,24140.00,24140.00,24140.00,131,4.2,2.2,2.06
2024-02-13,3,28.3,16.9,0.00,6.8,196,22.4,57,100,0,58,76,36,916.8,920.5,914.6,24140.00,24140.00,24140.00,196,4.7,1.6,2.46
2024-02-14,2,29.7,18.6,0.00,10.5,226,23.8,32,60,1,55,74,34,915.6,919.1,914.0,24140.00,24140.00,24140.00,226,5.0,0.5,2.75
2024-02-15,3,29.7,18.5,0.00,6.2,36,24.3,53,85,0,50,64,35,915.8,919.1,913.9,24140.00,24140.00,24140.00,36,2.9,0.5,2.70
2024-02-16,3,30.3,19.8,0.00,10.9,189,24.5,60,100,0,50,62,33,915.0,918.8,913.3,24140.00,24140.00,24140.00,189,4.5,1.1,2.89
2024-02-17,3,29.9,18.8,0.00,17.0,230,24.3,64,100,17,55,86,28,912.9,915.9,911.0,24140.00,24140.00,24140.00,230,8.1,3.6,2.97
2024-02-18,2,30.0,17.7,0.00,13.3,222,23.8,10,68,0,49,67,28,913.0,916.3,911.4,24140.00,24140.00,24140.00,222,6.4,2.5,3.00
2024-02-19,2,30.1,17.3,0.00,14.6,225,23.8,15,77,0,52,75,28,912.9,916.4,911.1,24140.00,24140.00,24140.00,225,6.5,1.9,2.98
2024-02-20,3,29.6,19.6,0.00,17.9,227,24.2,47,84,0,54,83,30,911.8,914.6,910.4,24140.00,24140.00,24140.00,227,8.2,3.3,2.83
2024-02-21,3,29.1,18.6,0.00,13.2,227,23.3,43,82,0,40,55,20,912.1,915.2,910.2,24140.00,24140.00,24140.00,227,6.1,1.8,3.14
2024-02-22,2,29.6,17.2,0.00,10.5,203,23.0,17,51,0,49,69,27,913.1,916.7,910.4,24140.00,24140.00,24140.00,203,5.1,1.0,2.95
2024-02-23,3,30.0,18.6,0.00,15.2,202,23.8,49,100,0,56,80,33,913.8,917.2,912.2,24140.00,24140.00,24140.00,202,6.2,0.4,2.77
2024-02-24,1,31.2,17.9,0.00,10.9,222,24.5,2,28,0,41,57,26,914.1,917.8,911.9,24140.00,24140.00,24140.00,222,5.1,1.1,3.35
2024-02-25,2,31.5,20.4,0.00,8.0,206,25.4,31,66,0,52,77,27,914.2,916.9,912.9,24140.00,24140.00,24140.00,206,3.5,0.8,3.31
2024-02-26,3,30.2,20.8,0.00,5.9,146,24.9,53,87,0,66,85,39,914.4,917.7,912.7,24140.00,24140.00,24140.00,146,4.0,1.6,2.62
2024-02-27,80,29.4,21.1,0.20,11.7,177,25.3,64,100,10,67,85,50,913.7,916.9,911.6,24140.00,24140.00,24140.00,177,5.7,2.3,2.03
2024-02-28,3,30.3,20.4,0.20,12.0,202,25.2,60,100,0,64,84,41,912.2,915.2,910.1,24140.00,24140.00,24140.00,202,6.7,0.8,2.55
2024-02-29,2,32.1,20.9,0.00,11.5,218,26.2,36,76,0,54,85,27,912.5,915.5,910.8,24140.00,24140.00,24140.00,218,5.5,1.4,3.48
2024-03-01,2,32.3,20.7,0.00,9.4,218,26.0,20,60,0,47,72,24,912.9,916.6,910.5,24140.00,24140.00,24140.00,218,5.7,2.4,3.68
2024-03-02,2,31.4,21.1,0.00,11.7,200,25.8,56,77,8,62,87,31,913.0,916.2,911.0,24140.00,24140.00,24140.00,200,6.8,2.6,3.13
2024-03-03,3,30.9,20.3,0.00,16.7,231,25.4,53,69,22,59,95,31,912.5,916.1,910.2,24140.00,24140.00,24140.00,231,7.2,2.1,3.04
2024-03-04,2,32.3,20.4,0.00,10.7,241,26.1,14,60,0,47,74,23,911.7,914.7,909.7,24140.00,24140.00,24140.00,241,6.2,3.3,3.58
2024-03-05,2,33.3,21.2,0.00,11.2,262,27.0,13,48,0,38,56,16,911.3,915.2,909.1,24140.00,24140.00,24140.00,262,5.9,3.2,4.15
2024-03-06,3,33.2,21.2,0.00,7.5,297,26.9,54,100,2,43,59,23,910.6,914.1,908.5,24140.00,24140.00,24140.00,297,4.2,1.8,3.90
2024-03-07,3,31.7,21.9,0.00,8.0,203,26.8,66,100,0,50,62,35,910.7,913.9,909.0,24140.00,24140.00,24140.00,203,4.0,0.5,2.99
2024-03-08,3,32.9,22.6,0.00,11.5,206,27.4,70,100,51,50,65,28,911.3,914.7,909.8,24140.00,24140.00,24140.00,206,6.0,1.8,3.54
2024-03-09,2,33.2,22.3,0.00,16.9,225,27.3,35,77,0,48,76,23,911.8,915.1,910.0,24140.00,24140.00,24140.00,225,8.4,2.9,3.91
2024-03-10,2,32.0,20.4,0.00,12.4,214,26.0,32,77,0,57,86,29,913.6,917.0,911.6,24140.00,24140.00,24140.00,214,6.6,2.2,3.37
2024-03-11,2,33.4,20.1,0.00,11.6,208,26.4,8,53,0,44,65,18,914.6,918.5,912.3,24140.00,24140.00,24140.00,208,5.8,1.6,4.17
2024-03-12,2,32.8,21.1,0.00,16.0,218,26.6,39,81,3,58,86,29,913.7,917.2,912.0,24140.00,24140.00,24140.00,218,8.2,2.8,3.47
2024-03-13,2,32.2,20.5,0.00,13.6,231,25.8,10,71,0,44,65,18,913.1,916.4,910.8,24140.00,24140.00,24140.00,231,7.2,3.1,3.89
2024-03-14,3,31.6,20.1,0.00,8.3,255,25.9,21,89,0,44,65,26,912.9,916.5,911.0,24140.00,24140.00,24140.00,255,4.4,2.2,3.44
2024-03-15,3,31.4,20.6,0.00,5.2,207,26.2,31,87,0,47,65,30,913.1,916.4,910.9,24140.00,24140.00,24140.00,207,2.9,0.4,3.21
2024-03-16,2,33.4,23.3,0.00,8.7,199,27.5,53,72,0,45,59,25,914.0,917.5,912.0,24140.00,24140.00,24140.00,199,4.6,1.4,3.81
2024-03-17,3,32.9,22.0,0.00,9.2,207,27.3,60,100,16,51,73,32,913.7,917.2,912.0,24140.00,24140.00,24140.00,207,5.3,1.8,3.40
2024-03-18,3,32.9,23.2,0.00,10.0,243,27.8,67,100,7,55,77,31,913.0,916.2,911.4,24140.00,24140.00,24140.00,243,5.1,2.4,3.45
2024-03-19,96,29.4,21.6,8.30,10.5,111,24.8,86,100,60,77,93,58,913.3,916.2,911.4,24140.00,24140.00,24140.00,111,4.8,1.9,1.72
2024-03-20,96,24.1,20.1,13.30,8.2,108,22.0,96,100,83,84,97,67,916.0,918.2,914.7,23881.67,18400.00,24140.00,108,4.7,0.8,0.96
2024-03-21,80,28.3,18.5,1.80,7.7,172,23.0,78,100,28,70,86,52,914.2,917.2,910.8,24118.33,23780.00,24140.00,172,4.3,0.4,1.85
2024-03-22,80,28.0,20.0,1.50,15.0,237,23.9,93,100,44,69,88,48,910.8,913.7,908.6,22592.50,6040.00,24140.00,237,7.8,4.0,1.94
2024-03-23,3,30.6,20.0,0.00,17.1,241,25.4,43,100,0,54,83,29,910.5,913.4,908.7,24140.00,24140.00,24140.00,241,8.2,2.8,3.08
2024-03-24,2,31.4,19.9,0.00,11.6,240,25.5,10,71,0,42,61,22,912.3,915.5,909.7,24140.00,24140.00,24140.00,240,6.0,0.7,3.51
2024-03-25,3,32.5,21.3,0.00,8.2,231,26.7,37,100,0,40,57,26,913.1,916.3,911.3,24140.00,24140.00,24140.00,231,4.4,0.5,3.62
2024-03-26,3,33.0,22.6,0.00,11.2,213,27.5,94,100,27,37,47,24,914.0,917.2,911.9,24140.00,24140.00,24140.00,213,4.8,0.5,3.82
2024-03-27,3,31.8,21.9,0.00,8.7,196,26.7,93,100,54,59,86,36,915.1,918.9,913.1,24140.00,24140.00,24140.00,196,5.3,2.7,2.95
2024-03-28,2,33.0,21.5,0.00,11.9,233,27.3,38,78,0,50,81,24,913.1,916.2,910.6,24140.00,24140.00,24140.00,233,6.7,2.7,3.78
2024-03-29,3,33.4,22.1,0.00,16.1,220,28.1,43,100,0,48,79,23,912.5,915.5,910.6,24140.00,24140.00,24140.00,220,8.5,4.0,3.92
2024-03-30,3,33.7,22.0,0.00,13.9,237,27.9,37,84,0,46,73,23,913.3,916.7,911.7,24140.00,24140.00,24140.00,237,7.8,4.2,4.01
2024-03-31,3,34.8,23.2,0.00,13.2,231,28.5,37,100,0,40,55,22,912.9,916.9,910.0,24140.00,24140.00,24140.00,231,7.6,4.5,4.29
2024-04-01,3,35.5,24.0,0.00,11.7,236,29.1,41,70,0,39,54,22,910.6,914.4,907.9,24140.00,24140.00,24140.00,236,7.1,4.4,4.50
2024-04-02,2,36.1,23.4,0.00,13.6,237,29.3,16,62,0,43,63,20,909.6,912.7,907.6,24140.00,24140.00,24140.00,237,7.2,3.3,4.71
2024-04-03,2,36.1,23.9,0.00,12.4,231,29.7,19,72,0,43,63,20,910.3,914.0,908.5,24140.00,24140.00,24140.00,231,6.9,4.1,4.74
2024-04-04,2,36.2,24.6,0.00,9.9,230,30.1,26,80,0,45,64,25,910.5,913.5,908.9,24140.00,24140.00,24140.00,230,6.0,3.6,4.45
2024-04-05,2,36.4,25.2,0.00,10.1,229,30.8,48,76,11,46,69,26,910.0,913.0,908.2,24140.00,24140.00,24140.00,229,5.8,3.6,4.43
2024-04-06,3,36.4,25.4,0.00,8.8,211,30.6,39,100,12,52,73,29,910.4,913.9,908.3,24140.00,24140.00,24140.00,211,6.0,3.2,4.29
2024-04-07,95,36.2,25.4,1.60,11.2,217,29.7,52,100,2,61,80,32,910.3,913.2,908.7,24140.00,24140.00,24140.00,217,5.6,2.7,4.08
2024-04-08,3,35.5,25.4,0.20,8.9,225,29.7,43,100,0,58,79,35,911.5,914.8,909.4,24140.00,24140.00,24140.00,225,5.0,3.1,3.75
2024-04-09,96,34.7,23.1,13.20,13.2,158,28.0,69,100,0,66,89,38,912.2,914.2,910.5,24140.00,24140.00,24140.00,158,4.3,1.0,3.42
2024-04-10,95,30.2,21.4,7.00,8.4,154,25.3,85,100,0,76,92,56,913.8,916.6,911.9,23690.00,17940.00,24140.00,154,4.2,1.1,1.88
2024-04-11,95,31.2,22.0,3.30,6.8,194,25.8,72,100,4,74,88,52,913.8,916.7,911.9,24140.00,24140.00,24140.00,194,3.3,1.0,2.17
2024-04-12,80,33.3,23.6,1.30,7.4,201,27.6,61,100,0,62,85,38,912.8,915.9,910.5,24140.00,24140.00,24140.00,201,3.0,0.4,3.16
2024-04-13,80,33.1,23.0,1.60,6.3,263,27.7,29,100,0,59,79,35,912.3,915.4,910.0,24140.00,24140.00,24140.00,263,3.6,1.0,3.28
2024-04-14,95,33.5,23.8,2.30,8.0,255,27.9,36,100,0,58,79,36,912.4,915.6,910.4,24140.00,24140.00,24140.00,255,4.3,1.9,3.28
2024-04-15,80,33.4,23.0,1.20,10.0,253,27.2,37,100,0,62,79,36,912.7,915.8,910.6,24140.00,24140.00,24140.00,253,3.8,0.8,3.28
2024-04-16,80,32.7,22.3,0.30,10.2,217,27.1,49,100,0,62,83,43,911.5,914.6,909.4,24140.00,24140.00,24140.00,217,4.6,1.0,2.81
2024-04-17,3,33.7,23.9,0.10,14.0,226,28.5,48,100,0,57,79,35,910.3,913.1,908.6,24140.00,24140.00,24140.00,226,7.2,3.1,3.40
2024-04-18,80,33.3,24.9,0.70,13.7,239,28.5,47,100,0,50,64,34,909.6,912.3,907.7,24140.00,24140.00,24140.00,239,5.7,1.5,3.37
2024-04-19,80,32.4,24.5,0.80,14.1,227,27.8,49,100,0,59,77,41,907.9,910.4,905.9,23604.17,11660.00,24140.00,227,6.7,2.7,2.81
2024-04-20,2,32.3,22.9,0.20,13.3,221,27.5,31,77,0,60,78,40,907.9,910.8,906.2,24140.00,24140.00,24140.00,221,7.3,3.8,2.86
2024-04-21,2,33.9,24.0,0.00,11.4,231,28.9,37,78,0,53,72,30,908.8,912.0,906.6,24140.00,24140.00,24140.00,231,6.1,2.6,3.67
2024-04-22,3,35.8,25.6,0.00,11.6,225,30.2,35,89,0,49,71,28,909.1,912.2,907.1,24140.00,24140.00,24140.00,225,6.5,3.3,4.16
2024-04-23,3,35.4,25.7,0.00,10.4,226,30.1,30,100,0,51,70,34,908.8,911.9,907.1,24140.00,24140.00,24140.00,226,6.1,3.3,3.75
2024-04-24,3,34.5,26.0,0.00,13.5,206,29.8,43,88,0,54,72,37,908.9,911.7,907.3,24140.00,24140.00,24140.00,206,7.6,2.4,3.44
2024-04-25,3,34.3,24.9,0.10,10.9,249,29.1,42,93,0,57,71,32,909.4,912.5,907.8,24140.00,24140.00,24140.00,249,5.3,0.8,3.66
2024-04-26,95,34.6,25.9,1.00,13.3,251,29.4,51,100,0,55,73,33,908.8,911.9,907.2,24140.00,24140.00,24140.00,251,6.5,2.3,3.62
2024-04-27,3,36.0,25.4,0.00,10.9,240,30.3,44,92,0,49,75,25,908.7,912.1,906.9,24140.00,24140.00,24140.00,240,5.8,1.3,4.37
2024-04-28,3,36.4,27.0,0.00,10.2,229,31.4,48,99,0,44,64,24,909.5,912.5,907.3,24140.00,24140.00,24140.00,229,6.6,2.5,4.57
2024-04-29,95,35.8,26.9,3.00,10.5,222,30.5,58,100,0,52,69,35,910.0,913.2,907.4,24140.00,24140.00,24140.00,222,6.7,1.6,3.81
2024-04-30,2,36.9,26.4,0.00,16.0,243,31.2,41,72,3,48,72,26,907.7,911.3,905.3,24140.00,24140.00,24140.00,243,7.1,1.9,4.56
2024-05-01,80,36.3,25.9,0.50,12.8,229,30.8,31,100,0,48,67,29,907.2,910.2,905.4,24140.00,24140.00,24140.00,229,7.0,3.6,4.29
2024-05-02,3,36.1,27.0,0.10,13.0,217,30.9,60,100,0,50,67,33,908.3,911.1,906.2,24140.00,24140.00,24140.00,217,7.2,2.3,3.99
2024-05-03,95,33.3,23.9,4.00,8.6,194,28.0,48,97,0,64,80,43,909.7,912.5,908.2,24140.00,24140.00,24140.00,194,4.5,0.4,2.91
2024-05-04,80,34.8,22.9,1.00,18.7,237,28.6,38,91,0,53,80,27,909.4,912.7,907.0,24140.00,24140.00,24140.00,237,5.9,1.5,4.05
2024-05-05,3,34.9,24.2,0.00,11.9,212,29.6,65,100,10,50,71,30,908.7,911.7,906.7,24140.00,24140.00,24140.00,212,7.2,2.9,3.89
2024-05-06,3,35.9,24.7,0.00,8.7,204,30.1,48,88,2,42,62,22,910.4,913.5,908.6,24140.00,24140.00,24140.00,204,5.9,2.7,4.49
2024-05-07,96,32.2,22.9,17.00,9.5,136,26.4,82,100,37,68,92,47,912.7,915.3,910.6,23648.33,12340.00,24140.00,136,5.3,0.8,2.54
2024-05-08,96,31.6,20.9,5.70,6.4,237,25.6,81,100,34,73,97,40,912.5,914.7,909.7,22885.83,11000.00,24140.00,237,3.0,0.5,2.74
2024-05-09,95,30.5,21.4,14.10,10.5,175,25.4,76,100,4,77,91,54,911.7,914.4,909.7,23673.33,16500.00,24140.00,175,5.0,1.9,1.97
2024-05-10,96,31.0,21.0,21.40,7.4,195,25.0,91,100,57,77,94,50,912.4,914.7,910.1,22098.33,3480.00,24140.00,195,3.6,1.0,2.25
2024-05-11,95,29.5,20.6,8.60,4.8,224,24.6,91,100,24,78,94,55,913.5,915.5,911.0,23271.67,8420.00,24140.00,224,3.0,0.4,1.85
2024-05-12,80,30.3,22.1,1.80,5.1,264,25.9,57,100,0,74,90,55,913.0,915.3,910.7,23533.33,11300.00,24140.00,264,2.1,0.0,1.94
2024-05-13,95,31.7,23.8,1.50,7.6,252,27.3,44,100,0,67,84,48,911.7,914.3,909.9,24085.83,23320.00,24140.00,252,3.1,1.3,2.42
2024-05-14,95,30.8,21.9,4.30,8.4,186,25.9,76,100,30,75,95,53,912.1,914.3,910.1,23896.67,21320.00,24140.00,186,3.9,0.4,2.09
2024-05-15,96,29.7,22.9,11.60,7.9,210,26.0,98,100,73,78,89,64,912.6,914.7,910.8,24105.83,23320.00,24140.00,210,4.7,1.8,1.50
2024-05-16,96,30.0,23.7,35.00,5.8,153,25.7,96,100,53,83,91,66,911.7,914.0,909.5,24140.00,24140.00,24140.00,153,3.5,1.1,1.44
2024-05-17,95,29.6,22.2,16.80,13.5,207,25.4,100,100,100,80,90,65,911.0,913.5,908.3,21850.83,5720.00,24140.00,207,6.2,2.5,1.45
2024-05-18,96,31.2,22.4,14.90,12.7,219,26.0,100,100,97,77,90,56,909.2,911.3,906.9,24130.00,23900.00,24140.00,219,7.3,3.7,1.99
2024-05-19,96,31.9,23.7,13.30,11.8,228,26.8,91,100,51,75,90,54,907.5,909.7,905.3,23890.83,18380.00,24140.00,228,6.6,3.6,2.17
2024-05-20,96,31.0,22.5,13.20,6.3,231,26.2,84,100,31,78,90,60,907.7,909.9,906.0,23103.33,6380.00,24140.00,231,5.0,3.4,1.79
2024-05-21,96,27.3,22.0,44.10,8.7,88,24.2,98,100,88,86,96,71,909.2,911.2,907.6,19061.67,480.00,24140.00,88,4.2,0.8,1.05
2024-05-22,95,27.1,21.2,14.90,3.8,106,23.8,99,100,93,85,96,68,909.7,911.5,907.7,21978.33,8180.00,24140.00,106,2.3,0.8,1.14
2024-05-23,95,25.9,21.6,25.00,8.0,104,23.5,100,100,100,89,96,78,909.0,910.8,907.1,18650.00,4600.00,24140.00,104,4.0,1.8,0.73
2024-05-24,95,25.4,21.5,15.60,11.0,145,23.2,100,100,100,88,96,75,908.6,910.3,906.9,13147.50,640.00,24140.00,145,5.7,2.1,0.79
2024-05-25,80,24.5,21.2,27.00,10.0,195,22.6,100,100,94,88,97,77,909.2,910.9,908.1,8613.33,160.00,24140.00,195,6.2,4.2,0.71
2024-05-26,95,26.9,22.3,16.90,12.1,208,24.0,100,100,97,86,92,75,909.8,911.2,908.2,21176.67,12920.00,24140.00,208,6.3,4.1,0.88
2024-05-27,95,27.3,22.6,10.00,15.8,211,24.4,99,100,85,84,92,72,908.9,910.5,906.6,20865.00,6560.00,24140.00,211,8.6,4.0,1.02
2024-05-28,95,28.4,22.4,5.20,16.8,217,24.9,98,100,71,83,91,69,908.3,909.8,906.3,19050.00,6360.00,24140.00,217,9.0,4.2,1.20
2024-05-29,96,28.9,23.3,9.30,18.0,225,25.3,94,100,57,82,91,68,908.1,909.9,905.6,24078.33,23020.00,24140.00,225,9.3,4.9,1.27
2024-05-30,80,30.3,22.9,0.50,12.6,238,26.3,88,100,36,77,93,58,907.8,909.6,906.1,24140.00,24140.00,24140.00,238,7.4,4.3,1.79
2024-05-31,95,30.3,24.1,9.60,11.3,226,26.6,100,100,96,79,88,64,908.1,909.7,906.4,23087.50,5260.00,24140.00,226,6.7,4.4,1.55
2024-06-01,96,26.9,23.2,30.30,6.0,194,24.8,100,100,100,87,92,81,909.8,911.8,908.2,16380.00,4500.00,24140.00,194,4.7,3.7,0.67
2024-06-02,95,26.3,22.0,8.60,15.9,213,23.7,100,100,100,85,92,75,911.2,913.0,909.5,15806.67,2180.00,24140.00,213,7.9,3.8,0.85
2024-06-03,95,25.8,21.8,6.60,15.6,220,23.6,98,100,94,84,91,72,909.8,911.1,908.1,18776.67,4380.00,24140.00,220,8.1,3.8,0.93
2024-06-04,95,26.9,22.2,8.00,12.8,231,24.3,99,100,91,83,89,72,909.2,910.8,907.7,21420.00,6140.00,24140.00,231,7.2,4.3,0.99
2024-06-05,96,29.0,22.0,10.50,11.2,210,25.1,100,100,92,80,89,63,909.2,911.0,907.7,17723.33,4520.00,24140.00,210,6.6,3.6,1.48
2024-06-06,80,27.8,22.2,3.50,12.4,207,24.6,95,100,69,80,92,65,910.0,911.5,908.1,14467.50,320.00,24140.00,207,7.4,3.5,1.30
2024-06-07,95,27.5,22.4,9.10,16.3,213,24.3,94,100,82,80,88,66,908.5,910.2,906.1,15008.33,3040.00,24140.00,213,8.9,4.0,1.25
2024-06-08,95,26.1,22.0,14.20,10.6,227,23.7,100,100,100,85,91,72,906.9,908.8,904.9,15270.83,5460.00,24140.00,227,6.5,3.1,0.94
2024-06-09,95,27.1,22.4,9.10,7.6,211,24.4,100,100,100,84,92,72,906.5,908.1,905.1,21120.00,6920.00,24140.00,211,5.0,3.5,1.00
2024-06-10,95,28.2,22.5,21.20,10.1,182,24.6,100,100,100,85,94,71,907.5,909.2,905.9,14349.17,4280.00,24140.00,182,5.2,1.9,1.11
2024-06-11,95,27.3,22.1,11.70,13.3,195,24.0,99,100,92,84,93,68,908.9,910.3,907.4,11178.33,120.00,24140.00,195,7.2,2.5,1.16
2024-06-12,95,26.8,21.9,3.60,15.5,215,24.0,99,100,84,81,89,69,910.2,912.4,908.8,19500.00,6900.00,24140.00,215,8.7,4.2,1.09
2024-06-13,95,25.9,22.3,3.50,16.5,224,24.0,94,100,84,81,87,71,909.8,911.5,907.9,21214.17,920.00,24140.00,224,8.9,4.6,0.97
2024-06-14,95,26.7,22.5,5.60,16.1,221,24.2,98,100,88,83,88,75,908.1,909.8,905.9,20875.83,11240.00,24140.00,221,8.4,3.9,0.88
2024-06-15,95,28.0,22.6,5.40,14.5,223,24.9,85,100,62,80,89,67,907.8,909.2,906.0,19546.67,4360.00,24140.00,223,8.6,4.5,1.24
2024-06-16,95,28.5,22.6,3.50,13.7,220,25.1,99,100,90,81,90,64,908.5,910.3,906.9,18085.83,3800.00,24140.00,220,7.4,4.2,1.40
2024-06-17,95,28.9,23.0,11.50,15.5,225,25.2,97,100,77,79,90,63,908.7,910.3,906.9,14867.50,4180.00,24140.00,225,8.4,4.3,1.47
2024-06-18,95,27.6,22.5,4.00,16.6,225,24.7,96,100,68,81,92,66,907.9,909.5,905.9,19505.83,6120.00,24140.00,225,8.8,4.8,1.25
2024-06-19,3,28.5,22.2,0.10,17.1,225,24.9,83,100,55,75,85,59,907.3,908.7,905.1,23479.17,13060.00,24140.00,225,9.4,4.8,1.60
2024-06-20,3,29.3,22.3,0.30,16.2,224,25.4,90,100,61,74,85,58,907.3,908.4,905.7,20956.67,6380.00,24140.00,224,9.1,4.6,1.71
2024-06-21,3,29.4,23.1,0.70,10.2,219,25.8,100,100,95,77,90,61,906.6,908.4,904.4,21497.50,11940.00,24140.00,219,6.1,3.2,1.58
2024-06-22,96,30.7,22.9,12.50,10.6,206,26.2,100,100,100,75,90,53,906.0,907.6,903.8,22722.50,5020.00,24140.00,206,5.4,1.9,2.08
2024-06-23,96,28.7,22.7,29.40,8.5,202,25.1,100,100,100,83,92,68,906.4,908.6,903.8,19042.50,6900.00,24140.00,202,4.9,3.4,1.26
2024-06-24,95,27.2,21.9,10.10,8.4,205,24.1,100,100,99,85,94,69,906.2,907.8,904.2,15789.17,3580.00,24140.00,205,5.0,3.1,1.12
2024-06-25,95,26.9,22.2,13.10,6.9,184,23.8,100,100,100,87,94,73,906.2,907.6,904.6,13916.67,440.00,24140.00,184,4.0,2.1,0.96
2024-06-26,95,26.1,21.8,4.30,7.1,162,23.6,100,100,99,85,95,73,907.9,910.7,906.4,13635.83,900.00,24140.00,162,4.6,3.1,0.89
2024-06-27,95,28.4,22.0,4.20,8.7,198,24.8,98,100,81,79,91,62,910.1,911.8,908.6,11459.17,640.00,24140.00,198,5.4,2.6,1.47
2024-06-28,96,29.2,22.4,10.80,10.0,209,25.2,99,100,88,79,91,60,909.6,911.6,907.7,17657.50,4420.00,24140.00,209,5.8,3.3,1.57
2024-06-29,95,29.5,22.6,8.10,13.0,211,25.3,99,100,87,78,90,59,909.4,910.7,907.8,18797.50,5720.00,24140.00,211,7.1,3.7,1.67
2024-06-30,95,27.7,22.8,11.00,15.3,219,24.6,97,100,82,83,90,70,910.0,911.6,907.9,16280.83,3400.00,24140.00,219,8.0,4.5,1.10
2024-07-01,80,25.8,22.7,3.20,14.5,227,24.2,96,100,78,80,88,74,909.1,910.8,907.1,20878.33,900.00,24140.00,227,8.2,5.4,0.83
2024-07-02,80,27.7,22.3,1.40,14.3,227,24.6,92,100,65,77,86,66,908.0,909.8,906.2,18176.67,5200.00,24140.00,227,7.7,2.9,1.26
2024-07-03,95,28.7,22.0,2.40,10.8,204,24.9,97,100,83,76,88,60,909.1,911.1,907.6,16544.17,4040.00,24140.00,204,6.0,3.1,1.57
2024-07-04,95,27.9,21.8,15.30,10.3,192,24.5,100,100,100,81,93,63,910.6,912.3,908.8,16568.33,5120.00,24140.00,192,4.9,2.9,1.39
2024-07-05,95,27.1,21.8,15.10,7.1,206,24.2,100,100,100,83,92,67,908.8,910.5,906.4,19456.67,3800.00,24140.00,206,4.2,2.4,1.18
2024-07-06,95,27.5,21.8,12.00,5.8,185,24.2,100,100,100,83,92,66,907.9,909.5,906.4,22966.67,11780.00,24140.00,185,3.7,1.5,1.25
2024-07-07,95,28.6,21.5,14.10,8.3,167,24.4,100,100,100,83,94,64,908.6,910.2,907.0,22732.50,4820.00,24140.00,167,4.0,1.5,1.40
2024-07-08,80,28.0,21.8,4.80,10.5,195,24.6,98,100,79,82,94,66,908.9,910.4,907.4,21114.17,3880.00,24140.00,195,5.2,1.9,1.28
2024-07-09,96,29.0,21.6,19.10,12.1,222,24.6,95,100,69,81,93,62,909.6,911.1,907.8,17680.00,4040.00,24140.00,222,6.6,3.3,1.52
2024-07-10,96,27.7,21.9,19.20,10.7,216,24.4,99,100,78,83,93,69,909.8,911.6,907.5,20580.83,5700.00,24140.00,216,6.1,3.6,1.15
2024-07-11,95,27.6,22.1,22.50,12.3,222,24.2,100,100,100,82,91,69,908.3,910.1,905.9,17554.17,4340.00,24140.00,222,6.7,3.9,1.14
2024-07-12,95,28.7,21.4,1.80,13.5,226,24.7,95,100,78,75,86,58,906.8,908.7,904.9,16825.83,4300.00,24140.00,226,7.1,4.3,1.65
2024-07-13,95,27.6,22.7,12.00,12.2,215,24.6,99,100,85,81,88,68,905.5,906.7,904.1,20230.00,5940.00,24140.00,215,6.9,4.0,1.18
2024-07-14,95,28.0,22.4,8.40,10.2,207,24.8,100,100,92,81,92,66,906.4,908.1,904.9,16990.00,6540.00,24140.00,207,5.8,3.1,1.29
2024-07-15,95,28.6,22.6,4.90,3.8,227,24.9,100,100,100,80,91,61,907.6,909.6,905.7,23820.00,18340.00,24140.00,227,2.9,1.8,1.52
2024-07-16,96,27.9,21.7,26.00,7.2,15,24.0,100,100,100,88,97,71,907.0,908.4,905.1,13568.33,1460.00,24140.00,15,3.9,0.7,1.09
2024-07-17,95,27.3,21.5,9.50,4.7,113,24.3,99,100,90,87,99,73,906.7,908.3,905.0,19075.83,6040.00,24140.00,113,2.6,0.7,0.98
2024-07-18,95,26.2,21.9,12.10,6.0,205,23.6,100,100,100,88,95,77,906.7,908.2,905.1,21157.50,11480.00,24140.00,205,4.1,2.5,0.78
2024-07-19,95,26.5,22.0,10.70,13.5,215,23.8,100,100,93,85,94,73,906.5,908.2,904.8,21464.17,8940.00,24140.00,215,6.7,3.2,0.93
2024-07-20,95,25.4,22.1,18.20,7.7,221,23.3,100,100,100,88,93,80,907.9,909.5,906.4,22515.00,12320.00,24140.00,221,5.4,3.6,0.65
2024-07-21,95,25.0,21.6,28.40,7.0,240,23.1,100,100,100,90,95,83,908.5,909.8,907.2,15270.83,4880.00,24140.00,240,5.1,3.3,0.52
2024-07-22,95,25.7,21.7,11.80,12.1,240,23.4,100,100,96,86,92,76,908.7,910.1,906.8,20063.33,5860.00,24140.00,240,6.9,3.3,0.78
2024-07-23,95,27.0,21.9,10.80,15.9,237,24.0,96,100,85,82,92,69,907.1,909.0,904.3,21715.83,1140.00,24140.00,237,9.2,5.3,1.11
2024-07-24,95,27.3,22.2,7.70,16.6,231,24.2,99,100,89,81,87,69,904.3,906.4,902.0,22250.00,6800.00,24140.00,231,10.1,6.7,1.12
2024-07-25,95,26.4,22.3,6.90,15.8,225,24.0,96,100,80,83,87,77,903.4,905.2,901.8,20447.50,7720.00,24140.00,225,9.3,5.0,0.79
2024-07-26,95,25.1,21.9,19.80,9.2,225,23.2,99,100,96,88,93,81,904.9,907.1,903.6,14001.67,480.00,24140.00,225,6.5,5.1,0.60
2024-07-27,95,26.5,22.2,7.40,13.3,219,24.0,95,100,77,85,91,76,907.1,909.2,905.4,21135.83,2880.00,24140.00,219,7.0,3.7,0.83
2024-07-28,95,26.1,22.2,7.50,12.0,216,23.8,98,100,82,84,90,76,906.8,908.6,904.8,20277.50,5020.00,24140.00,216,7.2,4.1,0.81
2024-07-29,95,24.9,22.1,5.80,10.6,222,23.4,98,100,85,85,90,80,906.5,907.9,905.2,19369.17,7520.00,24140.00,222,6.7,4.6,0.59
2024-07-30,95,23.8,21.6,12.10,7.4,225,22.5,100,100,99,89,95,83,907.5,909.1,906.4,15670.00,700.00,24140.00,225,6.4,5.1,0.48
2024-07-31,80,22.1,21.1,16.20,8.2,219,21.5,100,100,96,92,95,90,908.5,910.0,907.4,3874.17,220.00,15840.00,219,6.5,5.2,0.27
2024-08-01,95,23.1,21.0,33.70,10.2,220,21.8,100,100,98,92,95,87,909.5,911.3,908.5,2398.33,180.00,21940.00,220,7.5,5.1,0.36
2024-08-02,95,23.4,20.3,19.70,9.2,225,21.9,100,100,97,91,95,84,909.7,910.9,908.2,5972.50,160.00,24140.00,225,7.5,5.7,0.45
2024-08-03,95,25.2,21.3,12.30,12.0,228,23.0,100,100,95,88,95,80,910.1,911.5,908.5,19600.83,6900.00,24140.00,228,6.9,3.8,0.64
2024-08-04,95,26.3,21.4,16.90,10.8,217,23.3,100,100,100,87,93,75,910.1,912.1,907.8,17595.00,4920.00,24140.00,217,6.5,3.3,0.85
2024-08-05,95,26.9,21.2,16.20,9.5,213,23.5,100,100,99,86,95,72,909.4,911.0,906.9,16953.33,3740.00,24140.00,213,5.0,3.1,0.99
2024-08-06,96,25.8,21.2,17.80,8.3,213,23.4,99,100,80,87,94,76,908.9,910.5,907.3,21932.50,5240.00,24140.00,213,5.0,2.6,0.80
2024-08-07,96,28.3,21.0,8.90,11.3,217,24.1,95,100,60,81,95,63,909.6,911.2,907.5,17556.67,5240.00,24140.00,217,6.4,2.9,1.40
2024-08-08,80,27.0,21.5,1.80,12.1,217,24.0,80,100,40,83,95,69,910.5,912.1,908.8,18099.17,4500.00,24140.00,217,6.0,3.0,1.10
2024-08-09,3,29.6,21.8,0.10,12.0,240,25.4,71,100,41,74,91,55,910.0,912.2,907.9,23437.50,14280.00,24140.00,240,6.8,3.7,1.87
2024-08-10,3,30.0,23.2,0.40,13.7,242,25.8,94,100,49,75,87,56,908.6,910.3,906.4,23649.17,12360.00,24140.00,242,7.3,3.9,1.87
2024-08-11,80,29.5,23.2,2.00,10.9,243,25.7,99,100,78,77,88,60,907.1,909.3,904.9,23728.33,18680.00,24140.00,243,6.3,3.4,1.64
2024-08-12,95,26.5,22.4,20.40,8.2,238,23.9,100,100,100,88,94,77,906.5,907.9,905.2,20100.83,2760.00,24140.00,238,5.6,3.4,0.79
2024-08-13,95,25.5,21.7,18.40,10.7,223,23.3,100,100,100,89,94,80,907.7,909.6,906.6,6060.00,500.00,22620.00,223,6.4,2.9,0.65
2024-08-14,95,27.1,21.6,11.90,8.8,212,23.9,99,100,87,85,95,69,908.8,910.1,907.2,14566.67,3800.00,24140.00,212,4.7,2.7,1.11
2024-08-15,95,26.6,21.8,12.70,8.0,215,23.9,98,100,76,86,94,74,908.5,910.1,906.7,13071.67,3420.00,24140.00,215,4.5,2.8,0.90
2024-08-16,95,27.6,22.3,14.80,9.0,219,24.5,100,100,100,84,94,71,908.1,909.7,906.4,17847.50,3540.00,24140.00,219,4.6,2.6,1.07
2024-08-17,95,27.4,21.8,11.70,7.5,217,24.2,100,100,100,86,96,72,909.4,910.9,908.2,17158.33,5620.00,24140.00,217,3.6,1.6,1.02
2024-08-18,95,27.8,22.1,8.40,9.1,220,24.4,100,100,90,84,94,69,910.0,911.8,908.5,15418.33,5380.00,24140.00,220,4.6,2.1,1.16
2024-08-19,96,28.3,22.3,17.30,10.3,230,24.6,99,100,81,85,94,67,909.5,911.2,907.4,16420.00,5060.00,24140.00,230,6.1,3.6,1.27
2024-08-20,95,25.8,22.1,11.20,8.4,235,23.8,99,100,93,88,95,80,910.1,911.8,908.6,20674.17,7640.00,24140.00,235,5.8,4.3,0.66
2024-08-21,95,23.5,22.1,18.30,7.9,235,22.6,100,100,100,91,94,88,910.4,911.8,908.5,16441.67,1960.00,24140.00,235,6.5,5.5,0.34
2024-08-22,95,26.1,21.4,7.00,10.7,218,23.3,100,100,98,87,93,75,910.5,912.3,908.7,5514.17,540.00,15500.00,218,6.3,4.1,0.85
2024-08-23,95,25.9,21.6,20.00,11.0,211,23.4,100,100,99,87,93,77,911.5,913.7,910.0,8342.50,440.00,24140.00,211,4.9,1.5,0.77
2024-08-24,96,27.8,21.2,20.70,10.6,227,23.7,100,100,94,86,95,66,911.4,913.7,909.0,17452.50,5560.00,24140.00,227,5.3,2.5,1.27
2024-08-25,96,27.0,21.4,15.10,9.4,217,23.8,99,100,81,84,94,68,910.3,912.3,907.9,11862.50,300.00,24140.00,217,5.1,3.1,1.14
2024-08-26,95,27.9,21.6,16.10,7.7,221,24.0,100,100,96,85,95,67,909.4,911.3,907.9,16250.00,4440.00,24140.00,221,4.7,2.5,1.24
2024-08-27,95,25.4,21.8,11.20,5.1,219,22.9,100,100,95,89,95,78,909.4,911.0,907.7,12596.67,1640.00,24140.00,219,3.6,2.2,0.71
2024-08-28,95,25.6,20.9,9.80,5.4,205,23.0,96,100,77,88,95,77,908.8,910.8,906.7,15022.50,5340.00,24140.00,205,3.4,2.2,0.75
2024-08-29,95,27.4,21.0,5.90,8.0,203,23.7,87,100,59,84,95,66,908.9,910.4,907.5,18155.83,5460.00,24140.00,203,4.8,2.4,1.23
2024-08-30,80,28.0,21.6,2.50,9.2,213,24.3,87,100,62,82,95,63,909.6,911.5,908.2,20073.33,4700.00,24140.00,213,5.0,2.4,1.39
2024-08-31,95,27.9,21.7,7.70,7.2,215,24.6,92,100,66,81,92,65,909.6,911.2,907.8,21867.50,4980.00,24140.00,215,4.2,0.7,1.32
2024-09-01,95,27.0,21.2,12.00,4.3,72,23.6,98,100,82,88,98,72,909.2,911.2,907.1,20751.67,5280.00,24140.00,72,2.7,1.0,1.00
2024-09-02,95,27.1,21.4,8.30,8.3,93,23.9,99,100,92,88,98,73,909.4,911.4,907.9,22525.83,4860.00,24140.00,93,4.2,0.4,0.97
2024-09-03,80,27.5,21.4,2.40,7.7,103,24.3,92,100,38,86,94,72,910.2,912.7,908.1,21469.17,4960.00,24140.00,103,3.9,1.5,1.03
2024-09-04,95,28.5,21.5,6.40,9.1,216,24.5,91,100,49,81,95,62,908.3,910.5,905.4,21685.00,6760.00,24140.00,216,4.1,1.8,1.47
2024-09-05,95,28.6,22.0,4.80,4.3,230,24.6,84,100,39,84,94,65,907.2,909.4,904.9,20336.67,4900.00,24140.00,230,3.2,0.8,1.37
2024-09-06,95,28.2,21.4,9.00,5.3,249,24.4,84,100,56,86,99,66,907.3,909.5,905.2,22800.83,16980.00,24140.00,249,3.2,1.5,1.30
2024-09-07,3,28.8,22.2,0.00,11.4,233,25.4,95,100,53,78,95,59,907.2,908.7,905.6,23399.17,10340.00,24140.00,233,7.0,3.2,1.62
2024-09-08,80,27.0,22.7,0.50,14.5,234,24.6,100,100,100,79,88,70,907.5,909.9,906.1,22540.00,8100.00,24140.00,234,8.5,5.2,1.07
2024-09-09,95,23.9,22.3,8.80,10.0,230,23.1,100,100,100,89,91,86,906.6,908.0,904.8,14532.50,920.00,24140.00,230,6.9,5.1,0.41
2024-09-10,80,23.1,21.6,13.30,9.1,213,22.2,100,100,100,91,92,89,906.1,908.0,904.3,3785.83,260.00,21520.00,213,7.7,6.8,0.31
2024-09-11,95,24.8,21.0,7.10,9.4,204,22.3,99,100,94,89,97,74,908.7,910.9,906.9,17542.50,5540.00,24140.00,204,4.9,1.5,0.79
2024-09-12,95,27.2,20.5,5.10,8.1,221,23.4,97,100,79,84,96,66,909.7,911.4,908.0,19647.50,5360.00,24140.00,221,4.6,2.5,1.23
2024-09-13,96,26.8,21.1,12.90,7.9,234,23.6,100,100,100,87,96,72,908.5,910.5,906.3,23078.33,13120.00,24140.00,234,4.2,2.3,0.98
2024-09-14,96,27.2,21.6,18.20,6.9,219,23.7,100,100,94,87,94,70,907.1,909.0,905.1,19384.17,5720.00,24140.00,219,3.0,0.4,1.08
2024-09-15,95,28.2,21.7,8.00,4.9,243,24.3,96,100,56,83,94,65,906.8,908.7,905.3,23771.67,15300.00,24140.00,243,3.0,0.4,1.33
2024-09-16,96,27.9,21.7,11.10,5.4,271,24.4,98,100,87,84,95,68,907.4,909.5,906.0,22933.33,11640.00,24140.00,271,3.3,0.8,1.20
2024-09-17,96,28.5,21.5,46.10,6.9,45,24.0,97,100,67,85,94,62,907.4,909.5,905.4,17884.17,4780.00,24140.00,45,3.5,0.8,1.48
2024-09-18,96,27.9,22.3,19.90,10.3,40,24.3,95,100,49,84,94,66,906.7,908.7,904.9,14179.17,4340.00,24140.00,40,4.4,1.0,1.28
2024-09-19,95,29.1,21.7,4.00,11.0,37,24.7,79,100,36,83,97,60,906.2,908.6,904.0,18674.17,4460.00,24140.00,37,4.9,1.3,1.61
2024-09-20,81,26.8,22.1,4.00,10.5,30,23.7,95,100,67,83,93,71,906.0,907.4,904.6,19631.67,6400.00,24140.00,30,4.2,1.6,1.02
2024-09-21,95,25.4,21.2,20.00,12.1,64,23.1,99,100,87,88,98,78,906.4,908.0,905.0,18432.50,6180.00,24140.00,64,4.9,0.4,0.71
2024-09-22,95,26.1,21.7,14.90,6.1,78,23.3,99,100,89,89,97,75,907.3,909.1,905.7,20107.50,6860.00,24140.00,78,4.1,1.8,0.85
2024-09-23,95,22.7,21.1,30.80,4.7,157,21.7,100,100,100,95,97,92,909.3,911.4,907.1,10805.83,380.00,24140.00,157,2.3,0.4,0.22
2024-09-24,95,23.4,20.8,10.80,4.1,167,21.7,99,100,96,93,98,86,910.9,912.4,909.5,16327.50,2460.00,24140.00,167,3.3,1.8,0.40
2024-09-25,95,22.2,20.4,19.90,5.4,126,21.2,96,100,84,95,99,91,911.7,913.5,910.3,9025.00,120.00,24140.00,126,3.1,1.6,0.24
2024-09-26,95,25.2,20.3,7.90,5.5,151,22.2,90,100,42,92,99,80,912.3,914.0,910.3,16685.00,300.00,24140.00,151,2.9,1.8,0.64
2024-09-27,45,28.0,20.8,0.70,5.6,212,24.1,61,84,30,82,97,62,912.5,914.8,910.7,21938.33,8880.00,24140.00,212,3.0,1.5,1.43
2024-09-28,80,29.5,22.6,1.60,6.6,227,25.1,66,100,36,80,91,58,911.7,914.2,909.7,21297.50,5640.00,24140.00,227,3.4,0.7,1.73
2024-09-29,95,29.1,22.3,6.50,10.8,223,24.6,97,100,42,84,93,64,910.6,913.0,908.7,22989.17,5040.00,24140.00,223,5.0,1.8,1.45
2024-09-30,96,27.6,22.4,26.80,9.7,224,24.2,100,100,89,86,94,73,908.8,911.2,906.2,20398.33,3840.00,24140.00,224,5.0,3.1,0.99
2024-10-01,96,24.5,21.6,33.70,6.4,154,22.8,100,100,100,93,97,88,908.5,910.8,906.6,14474.17,680.00,24140.00,154,4.2,2.4,0.37
2024-10-02,96,25.6,20.6,25.10,9.3,108,22.4,94,100,80,91,97,77,910.9,912.9,909.2,10118.33,920.00,24140.00,108,5.9,3.3,0.75
2024-10-03,95,22.7,20.8,27.70,6.5,108,21.5,98,100,86,93,96,90,912.2,914.1,910.2,4598.33,200.00,22380.00,108,5.0,3.1,0.28
2024-10-04,80,25.3,20.4,2.30,6.8,122,22.3,88,100,43,88,97,76,913.3,915.7,911.7,13063.33,2340.00,24140.00,122,3.5,0.4,0.77
2024-10-05,95,28.1,20.1,2.30,8.1,94,23.7,66,95,32,78,97,54,913.2,915.5,910.8,23471.67,8900.00,24140.00,94,4.4,2.2,1.75
2024-10-06,3,28.9,20.7,0.40,8.0,96,24.5,71,89,47,73,92,51,913.8,916.4,911.9,23692.50,18840.00,24140.00,96,4.7,1.8,1.95
2024-10-07,80,28.4,20.2,1.90,10.0,82,24.1,70,92,36,73,87,52,915.0,917.9,913.3,23589.17,19460.00,24140.00,82,5.2,2.0,1.86
2024-10-08,3,27.7,21.0,0.30,7.7,97,24.1,55,85,8,77,92,62,914.6,917.3,912.1,22695.00,9260.00,24140.00,97,4.2,0.8,1.41
2024-10-09,80,27.0,20.9,1.50,4.9,143,23.7,78,100,0,80,90,64,913.2,916.1,910.9,22181.67,7200.00,24140.00,143,3.2,0.8,1.28
2024-10-10,95,27.1,20.5,3.50,5.4,111,23.3,92,100,0,82,93,62,912.6,914.9,910.7,21496.67,6820.00,24140.00,111,3.2,0.5,1.36
2024-10-11,3,28.6,20.3,0.30,9.5,112,24.2,68,100,34,73,93,48,912.6,915.1,910.9,20562.50,6760.00,24140.00,112,4.5,1.5,2.04
2024-10-12,80,27.9,21.0,0.40,8.2,120,24.1,59,100,0,78,95,57,913.3,915.8,911.4,22468.33,9120.00,24140.00,120,4.1,1.8,1.62
2024-10-13,95,28.6,21.1,3.30,4.8,121,23.8,76,100,18,80,91,59,913.3,916.0,911.2,21008.33,6040.00,24140.00,121,2.8,1.1,1.60
2024-10-14,95,28.3,20.6,5.90,5.5,173,23.8,85,100,45,83,95,63,912.7,914.9,910.5,22034.17,5900.00,24140.00,173,2.7,0.4,1.41
2024-10-15,95,27.6,20.5,7.90,4.9,80,23.4,85,100,7,85,94,67,912.6,914.9,910.9,23720.83,16760.00,24140.00,80,2.5,0.0,1.21
2024-10-16,95,28.1,21.1,4.50,5.2,97,23.8,89,100,49,83,94,64,912.8,915.7,910.9,21982.50,5180.00,24140.00,97,2.5,0.4,1.36
2024-10-17,95,26.4,20.4,11.50,3.9,94,23.2,99,100,83,87,95,74,912.8,915.1,911.0,21817.50,11160.00,24140.00,94,2.1,0.4,0.89
2024-10-18,80,28.3,20.5,1.10,6.8,59,24.1,64,100,19,84,100,62,912.2,914.5,910.3,22595.83,6260.00,24140.00,59,3.0,0.4,1.46
2024-10-19,95,27.5,21.3,8.80,8.0,93,23.6,80,100,14,85,93,66,913.0,915.3,911.2,21890.00,4920.00,24140.00,93,4.3,2.2,1.25
2024-10-20,96,26.4,21.2,9.50,11.9,82,23.0,93,100,52,86,95,70,914.0,916.2,911.8,18685.00,6680.00,24140.00,82,6.6,3.3,1.03
2024-10-21,80,25.5,20.5,8.80,7.6,87,22.4,87,100,36,87,94,73,913.8,916.3,911.3,20003.33,5280.00,24140.00,87,5.0,2.2,0.88
2024-10-22,95,26.4,20.0,13.60,11.2,76,22.9,91,100,63,85,96,68,913.5,915.7,911.6,18168.33,4300.00,24140.00,76,6.1,2.7,1.07
2024-10-23,80,26.9,20.0,1.30,14.2,93,23.1,55,84,0,81,96,63,914.2,916.6,912.2,18074.17,6320.00,24140.00,93,6.8,1.8,1.31
2024-10-24,3,27.4,20.6,0.00,4.2,69,23.6,54,85,2,79,93,63,913.1,915.7,911.0,23875.00,19240.00,24140.00,69,3.2,1.1,1.35
2024-10-25,2,29.1,20.5,0.00,6.6,342,24.6,29,80,0,75,97,54,911.7,914.2,909.5,23362.50,5480.00,24140.00,342,3.2,0.4,1.85
2024-10-26,3,29.5,22.0,0.00,11.9,344,25.4,60,100,4,71,86,53,910.1,912.5,908.1,24140.00,24140.00,24140.00,344,4.8,0.0,1.93
2024-10-27,3,29.2,22.7,0.30,14.0,18,25.5,79,100,17,70,84,52,908.8,911.0,907.1,23908.33,18580.00,24140.00,18,6.3,0.8,1.94
2024-10-28,3,27.3,20.3,0.00,15.6,30,23.7,22,100,0,65,75,52,909.2,911.1,907.4,23917.50,18800.00,24140.00,30,7.6,2.9,1.74
2024-10-29,2,27.3,19.5,0.00,11.3,23,23.0,14,73,0,70,81,51,910.5,912.7,909.2,24140.00,24140.00,24140.00,23,5.8,2.3,1.77
2024-10-30,2,27.8,20.1,0.50,3.9,66,23.6,22,80,0,73,85,58,911.9,914.5,910.2,24140.00,24140.00,24140.00,66,2.6,1.0,1.57
2024-10-31,3,28.2,20.8,0.30,4.6,227,23.8,29,82,0,76,86,57,911.8,914.7,909.9,24140.00,24140.00,24140.00,227,2.6,0.4,1.64
2024-11-01,3,28.2,20.8,0.10,6.2,39,24.0,44,87,0,77,92,58,912.3,914.8,910.7,24140.00,24140.00,24140.00,39,3.7,1.5,1.61
2024-11-02,95,25.6,20.5,11.30,8.2,79,22.5,73,98,3,84,90,73,913.8,916.0,911.8,20011.67,5480.00,24140.00,79,5.2,3.2,0.86
2024-11-03,3,26.2,18.9,0.00,11.5,72,22.1,42,88,0,70,89,51,914.5,917.0,912.9,23387.50,11840.00,24140.00,72,6.8,3.1,1.66
2024-11-04,3,24.8,17.8,0.00,10.5,73,21.1,45,90,0,74,88,57,914.2,916.5,912.7,24140.00,24140.00,24140.00,73,6.4,4.2,1.34
2024-11-05,95,23.9,19.2,6.60,11.8,55,21.1,86,100,75,84,94,72,915.2,917.3,913.3,17872.50,4140.00,24140.00,55,6.2,3.6,0.83
2024-11-06,80,22.0,18.5,2.80,7.6,62,19.8,90,100,70,88,95,78,915.8,917.9,914.3,17350.00,2020.00,24140.00,62,5.0,3.7,0.57
2024-11-07,80,22.1,18.4,1.90,11.7,97,20.0,99,100,92,86,95,73,915.2,917.3,913.5,9180.00,240.00,24140.00,97,6.2,3.4,0.72
2024-11-08,45,21.9,18.2,0.10,8.7,53,19.6,98,100,93,86,95,74,915.3,917.5,914.0,7697.50,520.00,24140.00,53,5.7,4.3,0.68
2024-11-09,3,24.7,17.3,0.00,9.2,30,20.4,61,98,0,79,91,59,914.9,917.3,913.1,24140.00,24140.00,24140.00,30,5.3,2.4,1.28
2024-11-10,3,26.7,17.8,0.00,8.9,44,21.9,27,82,0,74,88,54,914.6,916.9,913.3,24140.00,24140.00,24140.00,44,4.6,2.3,1.61
2024-11-11,2,27.2,18.9,0.00,7.6,98,22.7,26,74,0,71,88,50,913.8,916.3,912.4,24140.00,24140.00,24140.00,98,4.2,2.9,1.78
2024-11-12,2,27.7,19.0,0.00,4.3,97,23.2,36,80,0,69,85,50,913.1,915.9,911.3,24140.00,24140.00,24140.00,97,2.9,1.9,1.85
2024-11-13,3,28.0,20.2,0.00,3.0,103,24.1,42,79,0,69,83,52,912.2,914.9,910.8,24140.00,24140.00,24140.00,103,1.5,0.4,1.81
2024-11-14,3,28.5,20.5,0.00,5.8,18,24.4,55,85,9,71,87,52,912.4,914.7,911.2,23130.00,11880.00,24140.00,18,2.5,0.4,1.87
2024-11-15,2,28.2,20.8,0.00,9.4,14,23.9,26,81,0,66,84,45,912.3,914.8,910.6,24140.00,24140.00,24140.00,14,4.4,0.8,2.10
2024-11-16,2,27.5,18.9,0.00,8.5,29,22.9,25,76,0,68,82,53,912.0,914.8,910.6,24140.00,24140.00,24140.00,29,4.3,2.1,1.72
2024-11-17,80,27.6,19.1,0.60,10.0,48,22.8,48,100,0,70,87,52,912.5,914.9,910.6,24140.00,24140.00,24140.00,48,5.4,2.8,1.73
2024-11-18,80,25.1,19.4,0.90,12.8,86,21.5,75,100,42,82,94,62,914.0,916.2,912.3,23787.50,15680.00,24140.00,86,6.2,2.7,1.21
2024-11-19,3,26.0,18.2,0.00,11.1,74,21.3,55,100,0,78,93,55,914.7,917.4,913.0,24140.00,24140.00,24140.00,74,6.2,3.6,1.51
2024-11-20,3,25.3,18.4,0.40,9.2,87,21.0,45,93,0,81,93,63,914.1,917.0,912.3,22366.67,13300.00,24140.00,87,5.6,3.6,1.18
2024-11-21,3,25.9,18.1,0.00,10.8,93,21.2,43,81,0,75,92,52,913.6,916.5,912.2,23515.83,12460.00,24140.00,93,6.5,4.4,1.60
2024-11-22,3,26.0,17.1,0.00,9.4,98,21.1,48,100,0,70,86,48,913.7,916.4,912.4,24140.00,24140.00,24140.00,98,6.2,4.2,1.74
2024-11-23,2,26.1,17.9,0.00,8.3,108,21.4,43,78,0,74,89,53,914.4,916.9,913.1,24046.67,22200.00,24140.00,108,5.2,3.5,1.59
2024-11-24,3,26.6,18.3,0.00,6.6,113,21.8,54,99,2,73,91,48,914.4,917.0,913.4,24140.00,24140.00,24140.00,113,4.8,3.4,1.81
2024-11-25,3,26.2,17.9,0.00,10.0,100,21.5,65,100,0,76,92,56,914.0,916.7,912.7,24140.00,24140.00,24140.00,100,6.0,3.6,1.50
2024-11-26,3,25.7,19.2,0.10,13.5,107,21.8,81,100,35,79,90,64,913.8,916.3,912.2,23605.00,17880.00,24140.00,107,7.0,3.1,1.17
2024-11-27,80,25.4,19.2,0.80,15.0,105,21.6,84,100,42,78,90,62,914.1,916.6,912.4,23865.00,18580.00,24140.00,105,8.1,3.6,1.23
2024-11-28,3,25.2,19.0,0.00,14.6,90,21.5,68,89,43,73,85,50,915.6,918.1,914.0,24140.00,24140.00,24140.00,90,8.8,4.2,1.60
2024-11-29,80,20.8,15.9,0.70,10.7,56,18.8,85,100,46,80,90,69,915.6,917.6,914.0,23773.33,19800.00,24140.00,56,6.2,2.7,0.76
2024-11-30,3,23.4,15.3,0.00,7.7,47,19.0,58,100,0,76,91,59,913.6,916.1,911.4,24140.00,24140.00,24140.00,47,4.1,2.0,1.18
2024-12-01,3,25.6,15.9,0.00,6.5,22,20.7,75,100,8,70,83,51,911.9,914.6,910.1,24140.00,24140.00,24140.00,22,2.8,1.3,1.61
2024-12-02,2,27.0,17.6,0.00,3.9,27,22.2,31,75,0,69,83,50,912.0,914.3,910.0,24140.00,24140.00,24140.00,27,2.2,0.4,1.78
2024-12-03,3,27.5,18.5,0.00,5.2,30,23.0,32,91,0,70,88,50,912.6,915.2,911.2,24119.17,23640.00,24140.00,30,2.8,1.3,1.84
2024-12-04,2,27.4,19.8,0.00,4.4,158,23.5,32,80,0,72,81,58,912.4,915.5,911.0,23410.00,6620.00,24140.00,158,2.5,0.4,1.53
2024-12-05,3,26.3,19.6,0.00,10.2,188,22.6,65,100,30,79,92,62,912.1,915.1,910.6,21904.17,8220.00,24140.00,188,5.6,3.1,1.30
2024-12-06,3,26.2,19.5,0.10,10.9,184,22.3,55,91,4,79,90,60,911.5,914.5,909.9,23662.50,18340.00,24140.00,184,5.8,2.3,1.36
2024-12-07,3,26.3,18.4,0.00,10.9,137,22.1,60,83,38,76,95,54,912.7,915.4,910.9,24137.50,24080.00,24140.00,137,5.2,2.6,1.57
2024-12-08,3,26.3,18.1,0.00,10.5,115,21.8,60,100,0,74,90,53,913.7,916.6,912.3,23891.67,21060.00,24140.00,115,5.6,3.9,1.61
2024-12-09,3,26.0,17.9,0.00,5.8,154,21.6,53,100,0,77,93,56,913.1,915.9,911.3,24140.00,24140.00,24140.00,154,4.3,1.9,1.48
2024-12-10,3,26.5,18.1,0.00,7.2,225,22.4,36,93,0,74,91,54,912.0,914.5,910.3,23655.83,12640.00,24140.00,225,3.1,1.0,1.59
2024-12-11,3,25.7,18.2,0.00,8.9,32,21.9,91,100,26,72,91,58,912.4,915.3,910.8,24140.00,24140.00,24140.00,32,4.1,0.7,1.37
2024-12-12,3,26.2,17.5,0.00,8.0,76,21.4,41,100,0,69,87,49,912.3,914.9,910.9,24140.00,24140.00,24140.00,76,4.1,2.1,1.73
2024-12-13,3,25.7,17.5,0.00,8.2,69,21.6,59,89,0,72,88,57,913.2,915.9,912.0,24140.00,24140.00,24140.00,69,5.2,2.2,1.42
2024-12-14,61,22.7,18.8,2.50,10.0,100,20.5,87,100,51,86,95,75,914.8,917.1,913.3,23985.83,20440.00,24140.00,100,6.1,3.6,0.69
2024-12-15,80,19.1,16.5,1.20,8.0,70,17.6,98,100,96,90,95,82,916.3,918.2,914.7,17457.50,2080.00,24140.00,70,6.3,4.6,0.39
2024-12-16,3,19.5,15.2,0.00,6.9,37,16.9,82,100,31,86,93,74,916.4,918.6,914.8,15970.83,2040.00,24140.00,37,5.2,3.1,0.59
2024-12-17,3,22.8,14.0,0.00,6.6,50,18.0,43,86,0,81,93,60,914.9,917.3,913.3,24140.00,24140.00,24140.00,50,3.8,2.3,1.11
2024-12-18,3,23.8,15.1,0.00,7.0,104,19.1,26,82,0,77,89,57,914.4,917.3,912.5,24129.17,23880.00,24140.00,104,4.2,2.5,1.26
2024-12-19,3,22.8,15.1,0.00,7.3,112,18.5,54,94,0,78,93,60,914.6,917.8,913.3,24140.00,24140.00,24140.00,112,5.3,4.0,1.10
2024-12-20,3,23.2,13.5,0.00,5.2,119,18.4,33,94,0,71,91,49,913.6,916.5,912.2,24140.00,24140.00,24140.00,119,3.6,1.5,1.45
2024-12-21,3,22.6,14.1,0.00,6.9,124,18.1,48,100,0,70,82,52,913.4,916.0,911.8,24140.00,24140.00,24140.00,124,4.3,2.6,1.32
2024-12-22,3,21.8,13.1,0.00,7.1,102,17.7,49,95,0,74,92,58,913.8,916.2,912.6,24140.00,24140.00,24140.00,102,5.2,4.0,1.10
2024-12-23,3,22.6,12.9,0.00,9.2,69,17.6,33,85,0,74,90,56,913.7,916.4,912.0,24140.00,24140.00,24140.00,69,5.4,2.9,1.20
2024-12-24,2,22.9,13.8,0.00,8.4,75,18.2,24,70,0,72,92,53,914.6,917.6,912.9,24140.00,24140.00,24140.00,75,5.0,2.9,1.31
2024-12-25,2,23.4,14.0,0.00,6.8,60,18.4,17,57,0,71,85,54,915.7,918.5,914.4,24140.00,24140.00,24140.00,60,4.0,2.3,1.32
2024-12-26,1,24.4,13.6,0.00,9.2,53,18.6,5,29,0,68,85,47,916.6,919.7,915.1,24140.00,24140.00,24140.00,53,4.9,2.8,1.62
2024-12-27,2,25.1,15.1,0.00,8.9,57,19.8,21,53,0,72,87,56,917.0,920.1,915.0,24140.00,24140.00,24140.00,57,5.4,3.4,1.40
2024-12-28,3,24.5,16.0,0.00,11.2,52,20.1,46,93,3,73,92,54,917.3,920.5,915.8,24140.00,24140.00,24140.00,52,6.1,2.5,1.41
2024-12-29,2,24.4,15.9,0.00,5.5,90,19.7,49,71,32,73,92,48,915.9,918.8,913.8,24140.00,24140.00,24140.00,90,3.8,1.4,1.59
2024-12-30,2,24.8,15.7,0.00,4.3,137,20.0,24,73,0,70,83,49,914.9,917.6,913.2,24140.00,24140.00,24140.00,137,2.7,1.1,1.59
2024-12-31,3,23.8,15.3,0.00,8.8,113,19.4,42,87,0,74,89,54,914.6,917.9,912.9,24140.00,24140.00,24140.00,113,5.1,3.2,1.34
